Date,Open,High,Low,Close,Gain,Volume,Adj Close
2017-04-11,3288.97,3288.97,3288.97,3288.97,Gain,0,3288.97
2017-04-10,3269.39,3269.39,3269.39,3269.39,Gain,0,3269.39
2017-04-07,3286.62,3286.62,3286.62,3286.62,Gain,0,3286.62
2017-04-06,3281.0,3281.0,3281.0,3281.0,Gain,0,3281.0
2017-04-05,3270.31,3270.31,3270.31,3270.31,Gain,0,3270.31
2017-03-31,3222.51,3222.51,3222.51,3222.51,Gain,0,3222.51
2017-03-30,3210.24,3210.24,3210.24,3210.24,Gain,0,3210.24
2017-03-29,3241.31,3241.31,3241.31,3241.31,Gain,0,3241.31
2017-03-28,3252.95,3252.95,3252.95,3252.95,Gain,0,3252.95
2017-03-27,3266.96,3266.96,3266.96,3266.96,Gain,0,3266.96
2017-03-24,3269.45,3269.45,3269.45,3269.45,Gain,0,3269.45
2017-03-23,3248.55,3248.55,3248.55,3248.55,Gain,0,3248.55
2017-03-22,3245.22,3245.22,3245.22,3245.22,Gain,0,3245.22
2017-03-21,3261.61,3261.61,3261.61,3261.61,Gain,0,3261.61
2017-03-20,3250.81,3250.81,3250.81,3250.81,Gain,0,3250.81
2017-03-17,3237.45,3237.45,3237.45,3237.45,Gain,0,3237.45
2017-03-16,3268.94,3268.94,3268.94,3268.94,Gain,0,3268.94
2017-03-15,3241.76,3241.76,3241.76,3241.76,Gain,0,3241.76
2017-03-14,3239.33,3239.33,3239.33,3239.33,Gain,0,3239.33
2017-03-13,3237.02,3237.02,3237.02,3237.02,Gain,0,3237.02
2017-03-10,3212.76,3212.76,3212.76,3212.76,Gain,0,3212.76
2017-03-09,3216.75,3216.75,3216.75,3216.75,Gain,0,3216.75
2017-03-08,3240.66,3240.66,3240.66,3240.66,Gain,0,3240.66
2017-03-07,3242.41,3242.41,3242.41,3242.41,Gain,0,3242.41
2017-03-06,3233.87,3233.87,3233.87,3233.87,Gain,0,3233.87
2017-03-03,3218.31,3218.31,3218.31,3218.31,Gain,0,3218.31
2017-03-02,3230.03,3230.03,3230.03,3230.03,Gain,0,3230.03
2017-03-01,3246.93,3246.93,3246.93,3246.93,Gain,0,3246.93
2017-02-28,3241.73,3241.73,3241.73,3241.73,Gain,0,3241.73
2017-02-27,3228.66,3228.66,3228.66,3228.66,Gain,0,3228.66
2017-02-24,3253.43,3253.43,3253.43,3253.43,Gain,0,3253.43
2017-02-23,3251.38,3251.38,3251.38,3251.38,Gain,0,3251.38
2017-02-22,3261.22,3261.22,3261.22,3261.22,Gain,0,3261.22
2017-02-21,3253.33,3253.33,3253.33,3253.33,Gain,0,3253.33
2017-02-17,3202.08,3202.08,3202.08,3202.08,Gain,0,3202.08
2017-02-16,3229.62,3229.62,3229.62,3229.62,Gain,0,3229.62
2017-02-15,3212.99,3212.99,3212.99,3212.99,Gain,0,3212.99
2017-02-14,3217.93,3217.93,3217.93,3217.93,Gain,0,3217.93
2017-02-13,3216.84,3216.84,3216.84,3216.84,Gain,0,3216.84
2017-02-10,3196.7,3196.7,3196.7,3196.7,Gain,0,3196.7
2017-02-09,3183.18,3183.18,3183.18,3183.18,Gain,0,3183.18
2017-02-08,3166.98,3166.98,3166.98,3166.98,Gain,0,3166.98
2017-02-07,3153.09,3153.09,3153.09,3153.09,Gain,0,3153.09
2017-02-06,3156.98,3156.98,3156.98,3156.98,Gain,0,3156.98
2017-02-03,3140.17,3140.17,3140.17,3140.17,Gain,0,3140.17
2017-01-26,3159.17,3159.17,3159.17,3159.17,Gain,0,3159.17
2017-01-25,3149.55,3149.55,3149.55,3149.55,Gain,0,3149.55
2017-01-20,3123.14,3123.14,3123.14,3123.14,Gain,0,3123.14
2017-01-19,3101.3,3101.3,3101.3,3101.3,Gain,0,3101.3
2017-01-18,3113.01,3113.01,3113.01,3113.01,Gain,0,3113.01
2017-01-17,3108.77,3108.77,3108.77,3108.77,Gain,0,3108.77
2017-01-16,3103.43,3103.43,3103.43,3103.43,Gain,0,3103.43
2017-01-13,3112.76,3112.76,3112.76,3112.76,Gain,0,3112.76
2017-01-12,3119.29,3119.29,3119.29,3119.29,Gain,0,3119.29
2017-01-11,3136.75,3136.75,3136.75,3136.75,Gain,0,3136.75
2017-01-10,3161.67,3161.67,3161.67,3161.67,Gain,0,3161.67
2017-01-09,3171.24,3171.24,3171.24,3171.24,Gain,0,3171.24
2017-01-06,3154.32,3154.32,3154.32,3154.32,Gain,0,3154.32
2017-01-05,3165.41,3165.41,3165.41,3165.41,Gain,0,3165.41
2017-01-04,3158.79,3158.79,3158.79,3158.79,Gain,0,3158.79
2017-01-03,3135.92,3135.92,3135.92,3135.92,Gain,0,3135.92
2016-12-30,3103.64,3103.64,3103.64,3103.64,Gain,0,3103.64
2016-12-29,3096.1,3096.1,3096.1,3096.1,Gain,0,3096.1
2016-12-28,3102.24,3102.24,3102.24,3102.24,Gain,0,3102.24
2016-12-27,3114.66,3114.66,3114.66,3114.66,Gain,0,3114.66
2016-12-26,3122.57,3122.57,3122.57,3122.57,Gain,0,3122.57
2016-12-23,3110.15,3110.15,3110.15,3110.15,Gain,0,3110.15
2016-12-22,3139.56,3139.56,3139.56,3139.56,Gain,0,3139.56
2016-12-21,3137.43,3137.43,3137.43,3137.43,Gain,0,3137.43
2016-12-20,3102.88,3102.88,3102.88,3102.88,Gain,0,3102.88
2016-12-19,3118.08,3118.08,3118.08,3118.08,Gain,0,3118.08
2016-12-16,3122.98,3122.98,3122.98,3122.98,Gain,0,3122.98
2016-12-13,3155.04,3155.04,3155.04,3155.04,Gain,0,3155.04
2016-12-12,3152.97,3152.97,3152.97,3152.97,Gain,0,3152.97
2016-12-09,3232.88,3232.88,3232.88,3232.88,Gain,0,3232.88
2016-12-08,3215.37,3215.37,3215.37,3215.37,Gain,0,3215.37
2016-12-07,3222.24,3222.24,3222.24,3222.24,Gain,0,3222.24
2016-12-06,3199.65,3199.65,3199.65,3199.65,Gain,0,3199.65
2016-12-05,3204.71,3204.71,3204.71,3204.71,Gain,0,3204.71
2016-12-02,3243.84,3243.84,3243.84,3243.84,Gain,0,3243.84
2016-12-01,3273.31,3273.31,3273.31,3273.31,Gain,0,3273.31
2016-11-30,3250.03,3250.03,3250.03,3250.03,Gain,0,3250.03
2016-11-29,3282.92,3282.92,3282.92,3282.92,Gain,0,3282.92
2016-11-28,3277.0,3277.0,3277.0,3277.0,Gain,0,3277.0
2016-11-25,3261.94,3261.94,3261.94,3261.94,Gain,0,3261.94
2016-11-24,3241.74,3241.74,3241.74,3241.74,Gain,0,3241.74
2016-11-23,3241.14,3241.14,3241.14,3241.14,Gain,0,3241.14
2016-11-22,3248.35,3248.35,3248.35,3248.35,Gain,0,3248.35
2016-11-18,3192.86,3192.86,3192.86,3192.86,Gain,0,3192.86
2016-11-17,3208.45,3208.45,3208.45,3208.45,Gain,0,3208.45
2016-11-16,3205.06,3205.06,3205.06,3205.06,Gain,0,3205.06
2016-11-15,3206.99,3206.99,3206.99,3206.99,Gain,0,3206.99
2016-11-14,3210.37,3210.37,3210.37,3210.37,Gain,0,3210.37
2016-11-11,3196.04,3196.04,3196.04,3196.04,Gain,0,3196.04
2016-11-10,3171.28,3171.28,3171.28,3171.28,Gain,0,3171.28
2016-11-09,3128.37,3128.37,3128.37,3128.37,Gain,0,3128.37
2016-11-08,3147.89,3147.89,3147.89,3147.89,Gain,0,3147.89
2016-11-07,3133.33,3133.33,3133.33,3133.33,Gain,0,3133.33
2016-11-04,3125.32,3125.32,3125.32,3125.32,Gain,0,3125.32
2016-11-03,3128.94,3128.94,3128.94,3128.94,Gain,0,3128.94
2016-11-02,3102.73,3102.73,3102.73,3102.73,Gain,0,3102.73
2016-11-01,3122.44,3122.44,3122.44,3122.44,Gain,0,3122.44
2016-10-31,3100.49,3100.49,3100.49,3100.49,Gain,0,3100.49
2016-10-28,3104.27,3104.27,3104.27,3104.27,Gain,0,3104.27
2016-10-27,3112.35,3112.35,3112.35,3112.35,Gain,0,3112.35
2016-10-26,3116.31,3116.31,3116.31,3116.31,Gain,0,3116.31
2016-10-25,3131.94,3131.94,3131.94,3131.94,Gain,0,3131.94
2016-10-24,3128.25,3128.25,3128.25,3128.25,Gain,0,3128.25
2016-10-21,3090.94,3090.94,3090.94,3090.94,Gain,0,3090.94
2016-10-20,3084.46,3084.46,3084.46,3084.46,Gain,0,3084.46
2016-10-19,3084.72,3084.72,3084.72,3084.72,Gain,0,3084.72
2016-10-18,3083.88,3083.88,3083.88,3083.88,Gain,0,3083.88
2016-10-14,3063.81,3063.81,3063.81,3063.81,Gain,0,3063.81
2016-10-13,3061.35,3061.35,3061.35,3061.35,Gain,0,3061.35
2016-10-12,3058.5,3058.5,3058.5,3058.5,Gain,0,3058.5
2016-10-11,3065.25,3065.25,3065.25,3065.25,Gain,0,3065.25
2016-10-10,3048.14,3048.14,3048.14,3048.14,Gain,0,3048.14
2016-09-30,3004.7,3004.7,3004.7,3004.7,Gain,0,3004.7
2016-09-29,2998.48,2998.48,2998.48,2998.48,Gain,0,2998.48
2016-09-28,2987.86,2987.86,2987.86,2987.86,Gain,0,2987.86
2016-09-27,2998.17,2998.17,2998.17,2998.17,Gain,0,2998.17
2016-09-26,2980.43,2980.43,2980.43,2980.43,Gain,0,2980.43
2016-09-23,3033.9,3033.9,3033.9,3033.9,Gain,0,3033.9
2016-09-22,3042.31,3042.31,3042.31,3042.31,Gain,0,3042.31
2016-09-21,3025.87,3025.87,3025.87,3025.87,Gain,0,3025.87
2016-09-20,3023.0,3023.0,3023.0,3023.0,Gain,0,3023.0
2016-09-19,3026.05,3026.05,3026.05,3026.05,Gain,0,3026.05
2016-09-14,3002.85,3002.85,3002.85,3002.85,Gain,0,3002.85
2016-09-13,3023.51,3023.51,3023.51,3023.51,Gain,0,3023.51
2016-09-12,3021.98,3021.98,3021.98,3021.98,Gain,0,3021.98
2016-09-09,3078.85,3078.85,3078.85,3078.85,Gain,0,3078.85
2016-09-08,3095.95,3095.95,3095.95,3095.95,Gain,0,3095.95
2016-09-07,3091.93,3091.93,3091.93,3091.93,Gain,0,3091.93
2016-09-06,3090.71,3090.71,3090.71,3090.71,Gain,0,3090.71
2016-09-05,3072.1,3072.1,3072.1,3072.1,Gain,0,3072.1
2016-09-01,3063.31,3063.31,3063.31,3063.31,Gain,0,3063.31
2016-08-31,3085.49,3085.49,3085.49,3085.49,Gain,0,3085.49
2016-08-30,3074.68,3074.68,3074.68,3074.68,Gain,0,3074.68
2016-08-29,3070.03,3070.03,3070.03,3070.03,Gain,0,3070.03
2016-08-26,3070.31,3070.31,3070.31,3070.31,Gain,0,3070.31
2016-08-25,3068.33,3068.33,3068.33,3068.33,Gain,0,3068.33
2016-08-24,3085.88,3085.88,3085.88,3085.88,Gain,0,3085.88
2016-08-23,3089.71,3089.71,3089.71,3089.71,Gain,0,3089.71
2016-08-22,3084.81,3084.81,3084.81,3084.81,Gain,0,3084.81
2016-08-19,3108.1,3108.1,3108.1,3108.1,Gain,0,3108.1
2016-08-18,3104.11,3104.11,3104.11,3104.11,Gain,0,3104.11
2016-08-17,3109.55,3109.55,3109.55,3109.55,Gain,0,3109.55
2016-08-16,3110.04,3110.04,3110.04,3110.04,Gain,0,3110.04
2016-08-15,3125.2,3125.2,3125.2,3125.2,Gain,0,3125.2
2016-08-12,3050.67,3050.67,3050.67,3050.67,Gain,0,3050.67
2016-08-11,3002.64,3002.64,3002.64,3002.64,Gain,0,3002.64
2016-08-10,3018.75,3018.75,3018.75,3018.75,Gain,0,3018.75
2016-08-09,3025.68,3025.68,3025.68,3025.68,Gain,0,3025.68
2016-08-08,3004.28,3004.28,3004.28,3004.28,Gain,0,3004.28
2016-08-05,2976.7,2976.7,2976.7,2976.7,Gain,0,2976.7
2016-08-04,2982.43,2982.43,2982.43,2982.43,Gain,0,2982.43
2016-08-03,2978.46,2978.46,2978.46,2978.46,Gain,0,2978.46
2016-08-02,2971.28,2971.28,2971.28,2971.28,Gain,0,2971.28
2016-08-01,2953.39,2953.39,2953.39,2953.39,Gain,0,2953.39
2016-07-29,2979.34,2979.34,2979.34,2979.34,Gain,0,2979.34
2016-07-28,2994.32,2994.32,2994.32,2994.32,Gain,0,2994.32
2016-07-27,2992.0,2992.0,2992.0,2992.0,Gain,0,2992.0
2016-07-26,3050.17,3050.17,3050.17,3050.17,Gain,0,3050.17
2016-07-25,3015.83,3015.83,3015.83,3015.83,Gain,0,3015.83
2016-07-22,3012.82,3012.82,3012.82,3012.82,Gain,0,3012.82
2016-07-21,3039.01,3039.01,3039.01,3039.01,Gain,0,3039.01
2016-07-20,3027.9,3027.9,3027.9,3027.9,Gain,0,3027.9
2016-07-19,3036.6,3036.6,3036.6,3036.6,Gain,0,3036.6
2016-07-18,3043.56,3043.56,3043.56,3043.56,Gain,0,3043.56
2016-07-15,3054.3,3054.3,3054.3,3054.3,Gain,0,3054.3
2016-07-14,3054.02,3054.02,3054.02,3054.02,Gain,0,3054.02
2016-07-13,3060.69,3060.69,3060.69,3060.69,Gain,0,3060.69
2016-07-12,3049.38,3049.38,3049.38,3049.38,Gain,0,3049.38
2016-07-11,2994.92,2994.92,2994.92,2994.92,Gain,0,2994.92
2016-07-08,2988.09,2988.09,2988.09,2988.09,Gain,0,2988.09
2016-07-07,3016.85,3016.85,3016.85,3016.85,Gain,0,3016.85
2016-07-06,3017.29,3017.29,3017.29,3017.29,Gain,0,3017.29
2016-07-05,3006.39,3006.39,3006.39,3006.39,Gain,0,3006.39
2016-07-04,2988.6,2988.6,2988.6,2988.6,Gain,0,2988.6
2016-07-01,2932.48,2932.48,2932.48,2932.48,Gain,0,2932.48
2016-06-30,2929.61,2929.61,2929.61,2929.61,Gain,0,2929.61
2016-06-29,2931.59,2931.59,2931.59,2931.59,Gain,0,2931.59
2016-06-28,2912.56,2912.56,2912.56,2912.56,Gain,0,2912.56
2016-06-27,2895.7,2895.7,2895.7,2895.7,Gain,0,2895.7
2016-06-24,2854.29,2854.29,2854.29,2854.29,Gain,0,2854.29
2016-06-23,2891.96,2891.96,2891.96,2891.96,Gain,0,2891.96
2016-06-22,2905.55,2905.55,2905.55,2905.55,Gain,0,2905.55
2016-06-21,2878.56,2878.56,2878.56,2878.56,Gain,0,2878.56
2016-06-17,2885.1,2885.1,2885.1,2885.1,Gain,0,2885.1
2016-06-16,2872.82,2872.82,2872.82,2872.82,Gain,0,2872.82
2016-06-15,2887.21,2887.21,2887.21,2887.21,Gain,0,2887.21
2016-06-14,2842.19,2842.19,2842.19,2842.19,Gain,0,2842.19
2016-06-13,2833.07,2833.07,2833.07,2833.07,Gain,0,2833.07
2016-06-08,2927.16,2927.16,2927.16,2927.16,Gain,0,2927.16
2016-06-07,2936.04,2936.04,2936.04,2936.04,Gain,0,2936.04
2016-06-06,2934.1,2934.1,2934.1,2934.1,Gain,0,2934.1
2016-06-03,2938.68,2938.68,2938.68,2938.68,Gain,0,2938.68
2016-06-02,2925.23,2925.23,2925.23,2925.23,Gain,0,2925.23
2016-06-01,2913.51,2913.51,2913.51,2913.51,Gain,0,2913.51
2016-05-31,2916.62,2916.62,2916.62,2916.62,Gain,0,2916.62
2016-05-30,2822.45,2822.45,2822.45,2822.45,Gain,0,2822.45
2016-05-27,2821.05,2821.05,2821.05,2821.05,Gain,0,2821.05
2016-05-25,2815.09,2815.09,2815.09,2815.09,Gain,0,2815.09
2016-05-24,2821.67,2821.67,2821.67,2821.67,Gain,0,2821.67
2016-05-20,2825.48,2825.48,2825.48,2825.48,Gain,0,2825.48
2016-05-19,2806.91,2806.91,2806.91,2806.91,Gain,0,2806.91
2016-05-18,2807.51,2807.51,2807.51,2807.51,Gain,0,2807.51
2016-05-17,2843.68,2843.68,2843.68,2843.68,Gain,0,2843.68
2016-05-16,2850.86,2850.86,2850.86,2850.86,Gain,0,2850.86
2016-05-13,2827.11,2827.11,2827.11,2827.11,Gain,0,2827.11
2016-05-12,2835.86,2835.86,2835.86,2835.86,Gain,0,2835.86
2016-05-11,2837.04,2837.04,2837.04,2837.04,Gain,0,2837.04
2016-05-10,2832.59,2832.59,2832.59,2832.59,Gain,0,2832.59
2016-05-09,2832.11,2832.11,2832.11,2832.11,Gain,0,2832.11
2016-05-06,2913.25,2913.25,2913.25,2913.25,Gain,0,2913.25
2016-05-05,2997.84,2997.84,2997.84,2997.84,Gain,0,2997.84
2016-05-04,2991.27,2991.27,2991.27,2991.27,Gain,0,2991.27
2016-05-03,2992.64,2992.64,2992.64,2992.64,Gain,0,2992.64
2016-04-29,2938.32,2938.32,2938.32,2938.32,Gain,0,2938.32
2016-04-28,2945.59,2945.59,2945.59,2945.59,Gain,0,2945.59
2016-04-27,2953.67,2953.67,2953.67,2953.67,Gain,0,2953.67
2016-04-26,2964.7,2964.7,2964.7,2964.7,Gain,0,2964.7
2016-04-25,2946.67,2946.67,2946.67,2946.67,Gain,0,2946.67
2016-04-22,2959.24,2959.24,2959.24,2959.24,Gain,0,2959.24
2016-04-21,2952.89,2952.89,2952.89,2952.89,Gain,0,2952.89
2016-04-20,2972.58,2972.58,2972.58,2972.58,Gain,0,2972.58
2016-04-19,3042.82,3042.82,3042.82,3042.82,Gain,0,3042.82
2016-04-18,3033.66,3033.66,3033.66,3033.66,Gain,0,3033.66
2016-04-15,3078.12,3078.12,3078.12,3078.12,Gain,0,3078.12
2016-04-14,3082.36,3082.36,3082.36,3082.36,Gain,0,3082.36
2016-04-13,3066.64,3066.64,3066.64,3066.64,Gain,0,3066.64
2016-04-11,3033.96,3033.96,3033.96,3033.96,Gain,0,3033.96
2016-04-08,2984.96,2984.96,2984.96,2984.96,Gain,0,2984.96
2016-04-07,3008.42,3008.42,3008.42,3008.42,Gain,0,3008.42
2016-04-06,3050.59,3050.59,3050.59,3050.59,Gain,0,3050.59
2016-04-05,3053.07,3053.07,3053.07,3053.07,Gain,0,3053.07
2016-04-01,3009.53,3009.53,3009.53,3009.53,Gain,0,3009.53
2016-03-31,3003.92,3003.92,3003.92,3003.92,Gain,0,3003.92
2016-03-30,3000.65,3000.65,3000.65,3000.65,Gain,0,3000.65
2016-03-29,2919.83,2919.83,2919.83,2919.83,Gain,0,2919.83
2016-03-28,2957.82,2957.82,2957.82,2957.82,Gain,0,2957.82
2016-03-25,2979.43,2979.43,2979.43,2979.43,Gain,0,2979.43
2016-03-24,2960.97,2960.97,2960.97,2960.97,Gain,0,2960.97
2016-03-23,3009.96,3009.96,3009.96,3009.96,Gain,0,3009.96
2016-03-22,2999.36,2999.36,2999.36,2999.36,Gain,0,2999.36
2016-03-21,3018.8,3018.8,3018.8,3018.8,Gain,0,3018.8
2016-03-18,2955.15,2955.15,2955.15,2955.15,Gain,0,2955.15
2016-03-17,2904.83,2904.83,2904.83,2904.83,Gain,0,2904.83
2016-03-16,2870.43,2870.43,2870.43,2870.43,Gain,0,2870.43
2016-03-15,2864.37,2864.37,2864.37,2864.37,Gain,0,2864.37
2016-03-14,2859.5,2859.5,2859.5,2859.5,Gain,0,2859.5
2016-03-11,2810.31,2810.31,2810.31,2810.31,Gain,0,2810.31
2016-03-10,2804.73,2804.73,2804.73,2804.73,Gain,0,2804.73
2016-03-09,2862.56,2862.56,2862.56,2862.56,Gain,0,2862.56
2016-03-08,2901.39,2901.39,2901.39,2901.39,Gain,0,2901.39
2016-03-07,2897.34,2897.34,2897.34,2897.34,Gain,0,2897.34
2016-03-04,2874.15,2874.15,2874.15,2874.15,Gain,0,2874.15
2016-03-03,2859.76,2859.76,2859.76,2859.76,Gain,0,2859.76
2016-03-02,2849.68,2849.68,2849.68,2849.68,Gain,0,2849.68
2016-03-01,2733.17,2733.17,2733.17,2733.17,Gain,0,2733.17
2016-02-29,2687.98,2687.98,2687.98,2687.98,Gain,0,2687.98
2016-02-26,2767.21,2767.21,2767.21,2767.21,Gain,0,2767.21
2016-02-25,2741.25,2741.25,2741.25,2741.25,Gain,0,2741.25
2016-02-24,2928.9,2928.9,2928.9,2928.9,Gain,0,2928.9
2016-02-22,2927.18,2927.18,2927.18,2927.18,Gain,0,2927.18
2016-02-18,2862.89,2862.89,2862.89,2862.89,Gain,0,2862.89
2016-02-17,2867.34,2867.34,2867.34,2867.34,Gain,0,2867.34
2016-02-16,2836.57,2836.57,2836.57,2836.57,Gain,0,2836.57
2016-02-15,2746.2,2746.2,2746.2,2746.2,Gain,0,2746.2
2016-02-05,2763.49,2763.49,2763.49,2763.49,Gain,0,2763.49
2016-02-04,2781.02,2781.02,2781.02,2781.02,Gain,0,2781.02
2016-02-03,2739.25,2739.25,2739.25,2739.25,Gain,0,2739.25
2016-02-02,2749.57,2749.57,2749.57,2749.57,Gain,0,2749.57
2016-02-01,2688.85,2688.85,2688.85,2688.85,Gain,0,2688.85
2016-01-29,2737.6,2737.6,2737.6,2737.6,Gain,0,2737.6
2016-01-28,2655.66,2655.66,2655.66,2655.66,Gain,0,2655.66
2016-01-27,2735.56,2735.56,2735.56,2735.56,Gain,0,2735.56
2016-01-26,2749.79,2749.79,2749.79,2749.79,Gain,0,2749.79
2016-01-25,2938.51,2938.51,2938.51,2938.51,Gain,0,2938.51
2016-01-22,2916.56,2916.56,2916.56,2916.56,Gain,0,2916.56
2016-01-21,2880.48,2880.48,2880.48,2880.48,Gain,0,2880.48
2016-01-20,2976.69,2976.69,2976.69,2976.69,Gain,0,2976.69
2016-01-19,3007.74,3007.74,3007.74,3007.74,Gain,0,3007.74
2016-01-18,2913.84,2913.84,2913.84,2913.84,Gain,0,2913.84
2016-01-15,2900.97,2900.97,2900.97,2900.97,Gain,0,2900.97
2016-01-14,3007.65,3007.65,3007.65,3007.65,Gain,0,3007.65
2016-01-13,2949.6,2949.6,2949.6,2949.6,Gain,0,2949.6
2016-01-12,3022.86,3022.86,3022.86,3022.86,Gain,0,3022.86
2016-01-11,3016.7,3016.7,3016.7,3016.7,Gain,0,3016.7
2016-01-08,3186.41,3186.41,3186.41,3186.41,Gain,0,3186.41
2016-01-07,3125.0,3125.0,3125.0,3125.0,Gain,0,3125.0
2016-01-06,3361.84,3361.84,3361.84,3361.84,Gain,0,3361.84
2016-01-05,3287.71,3287.71,3287.71,3287.71,Gain,0,3287.71
2016-01-04,3296.26,3296.26,3296.26,3296.26,Gain,0,3296.26
2015-12-31,3539.18,3539.18,3539.18,3539.18,Gain,0,3539.18
2015-12-29,3563.74,3563.74,3563.74,3563.74,Gain,0,3563.74
2015-12-28,3533.78,3533.78,3533.78,3533.78,Gain,0,3533.78
2015-12-25,3627.91,3627.91,3627.91,3627.91,Gain,0,3627.91
2015-12-24,3612.49,3612.49,3612.49,3612.49,Gain,0,3612.49
2015-12-23,3636.09,3636.09,3636.09,3636.09,Gain,0,3636.09
2015-12-22,3651.77,3651.77,3651.77,3651.77,Gain,0,3651.77
2015-12-18,3578.96,3578.96,3578.96,3578.96,Gain,0,3578.96
2015-12-17,3580.0,3580.0,3580.0,3580.0,Gain,0,3580.0
2015-12-16,3516.19,3516.19,3516.19,3516.19,Gain,0,3516.19
2015-12-15,3510.35,3510.35,3510.35,3510.35,Gain,0,3510.35
2015-12-14,3520.67,3520.67,3520.67,3520.67,Gain,0,3520.67
2015-12-11,3434.58,3434.58,3434.58,3434.58,Gain,0,3434.58
2015-12-10,3455.5,3455.5,3455.5,3455.5,Gain,0,3455.5
2015-12-09,3472.44,3472.44,3472.44,3472.44,Gain,0,3472.44
2015-12-08,3470.07,3470.07,3470.07,3470.07,Gain,0,3470.07
2015-12-07,3536.93,3536.93,3536.93,3536.93,Gain,0,3536.93
2015-12-04,3524.99,3524.99,3524.99,3524.99,Gain,0,3524.99
2015-12-03,3584.82,3584.82,3584.82,3584.82,Gain,0,3584.82
2015-12-02,3536.91,3536.91,3536.91,3536.91,Gain,0,3536.91
2015-12-01,3456.31,3456.31,3456.31,3456.31,Gain,0,3456.31
2015-11-30,3445.4,3445.4,3445.4,3445.4,Gain,0,3445.4
2015-11-27,3436.3,3436.3,3436.3,3436.3,Gain,0,3436.3
2015-11-26,3635.55,3635.55,3635.55,3635.55,Gain,0,3635.55
2015-11-25,3647.93,3647.93,3647.93,3647.93,Gain,0,3647.93
2015-11-24,3616.11,3616.11,3616.11,3616.11,Gain,0,3616.11
2015-11-20,3630.5,3630.5,3630.5,3630.5,Gain,0,3630.5
2015-11-19,3617.06,3617.06,3617.06,3617.06,Gain,0,3617.06
2015-11-18,3568.47,3568.47,3568.47,3568.47,Gain,0,3568.47
2015-11-17,3604.8,3604.8,3604.8,3604.8,Gain,0,3604.8
2015-11-16,3606.96,3606.96,3606.96,3606.96,Gain,0,3606.96
2015-11-13,3580.84,3580.84,3580.84,3580.84,Gain,0,3580.84
2015-11-12,3632.9,3632.9,3632.9,3632.9,Gain,0,3632.9
2015-11-11,3650.25,3650.25,3650.25,3650.25,Gain,0,3650.25
2015-11-10,3640.49,3640.49,3640.49,3640.49,Gain,0,3640.49
2015-11-09,3646.88,3646.88,3646.88,3646.88,Gain,0,3646.88
2015-11-06,3590.03,3590.03,3590.03,3590.03,Gain,0,3590.03
2015-11-05,3522.82,3522.82,3522.82,3522.82,Gain,0,3522.82
2015-11-04,3459.64,3459.64,3459.64,3459.64,Gain,0,3459.64
2015-11-03,3316.7,3316.7,3316.7,3316.7,Gain,0,3316.7
2015-11-02,3325.08,3325.08,3325.08,3325.08,Gain,0,3325.08
2015-10-30,3382.56,3382.56,3382.56,3382.56,Gain,0,3382.56
2015-10-29,3387.32,3387.32,3387.32,3387.32,Gain,0,3387.32
2015-10-28,3375.2,3375.2,3375.2,3375.2,Gain,0,3375.2
2015-10-27,3434.34,3434.34,3434.34,3434.34,Gain,0,3434.34
2015-10-26,3429.58,3429.58,3429.58,3429.58,Gain,0,3429.58
2015-10-23,3412.43,3412.43,3412.43,3412.43,Gain,0,3412.43
2015-10-22,3368.74,3368.74,3368.74,3368.74,Gain,0,3368.74
2015-10-21,3320.68,3320.68,3320.68,3320.68,Gain,0,3320.68
2015-10-16,3391.35,3391.35,3391.35,3391.35,Gain,0,3391.35
2015-10-15,3338.07,3338.07,3338.07,3338.07,Gain,0,3338.07
2015-10-14,3262.44,3262.44,3262.44,3262.44,Gain,0,3262.44
2015-10-12,3287.66,3287.66,3287.66,3287.66,Gain,0,3287.66
2015-09-30,3052.78,3052.78,3052.78,3052.78,Gain,0,3052.78
2015-09-29,3038.14,3038.14,3038.14,3038.14,Gain,0,3038.14
2015-09-25,3092.35,3092.35,3092.35,3092.35,Gain,0,3092.35
2015-09-23,3115.89,3115.89,3115.89,3115.89,Gain,0,3115.89
2015-09-21,3156.54,3156.54,3156.54,3156.54,Gain,0,3156.54
2015-09-18,3097.92,3097.92,3097.92,3097.92,Gain,0,3097.92
2015-09-17,3086.06,3086.06,3086.06,3086.06,Gain,0,3086.06
2015-09-16,3152.26,3152.26,3152.26,3152.26,Gain,0,3152.26
2015-09-15,3005.17,3005.17,3005.17,3005.17,Gain,0,3005.17
2015-09-14,3114.8,3114.8,3114.8,3114.8,Gain,0,3114.8
2015-09-11,3200.23,3200.23,3200.23,3200.23,Gain,0,3200.23
2015-09-10,3197.89,3197.89,3197.89,3197.89,Gain,0,3197.89
2015-09-09,3243.09,3243.09,3243.09,3243.09,Gain,0,3243.09
2015-09-08,3170.45,3170.45,3170.45,3170.45,Gain,0,3170.45
2015-09-07,3080.42,3080.42,3080.42,3080.42,Gain,0,3080.42
2015-09-02,3160.17,3160.17,3160.17,3160.17,Gain,0,3160.17
2015-09-01,3166.62,3166.62,3166.62,3166.62,Gain,0,3166.62
2015-08-31,3205.99,3205.99,3205.99,3205.99,Gain,0,3205.99
2015-08-28,3232.35,3232.35,3232.35,3232.35,Gain,0,3232.35
2015-08-27,3083.59,3083.59,3083.59,3083.59,Gain,0,3083.59
2015-08-26,2927.29,2927.29,2927.29,2927.29,Gain,0,2927.29
2015-08-25,2964.97,2964.97,2964.97,2964.97,Gain,0,2964.97
2015-08-24,3209.91,3209.91,3209.91,3209.91,Gain,0,3209.91
2015-08-21,3507.74,3507.74,3507.74,3507.74,Gain,0,3507.74
2015-08-20,3664.29,3664.29,3664.29,3664.29,Gain,0,3664.29
2015-08-19,3794.11,3794.11,3794.11,3794.11,Gain,0,3794.11
2015-08-18,3748.16,3748.16,3748.16,3748.16,Gain,0,3748.16
2015-08-17,3993.67,3993.67,3993.67,3993.67,Gain,0,3993.67
2015-08-14,3965.33,3965.33,3965.33,3965.33,Gain,0,3965.33
2015-08-13,3954.56,3954.56,3954.56,3954.56,Gain,0,3954.56
2015-08-12,3886.32,3886.32,3886.32,3886.32,Gain,0,3886.32
2015-08-11,3927.91,3927.91,3927.91,3927.91,Gain,0,3927.91
2015-08-10,3928.42,3928.42,3928.42,3928.42,Gain,0,3928.42
2015-08-07,3744.21,3744.21,3744.21,3744.21,Gain,0,3744.21
2015-08-06,3661.54,3661.54,3661.54,3661.54,Gain,0,3661.54
2015-08-05,3694.57,3694.57,3694.57,3694.57,Gain,0,3694.57
2015-08-04,3756.54,3756.54,3756.54,3756.54,Gain,0,3756.54
2015-08-03,3622.91,3622.91,3622.91,3622.91,Gain,0,3622.91
2015-07-31,3663.73,3663.73,3663.73,3663.73,Gain,0,3663.73
2015-07-30,3705.77,3705.77,3705.77,3705.77,Gain,0,3705.77
2015-07-29,3789.17,3789.17,3789.17,3789.17,Gain,0,3789.17
2015-07-28,3663.0,3663.0,3663.0,3663.0,Gain,0,3663.0
2015-07-27,3725.56,3725.56,3725.56,3725.56,Gain,0,3725.56
2015-07-24,4070.91,4070.91,4070.91,4070.91,Gain,0,4070.91
2015-07-23,4123.92,4123.92,4123.92,4123.92,Gain,0,4123.92
2015-07-22,4026.04,4026.04,4026.04,4026.04,Gain,0,4026.04
2015-07-21,4017.68,4017.68,4017.68,4017.68,Gain,0,4017.68
2015-07-20,3992.11,3992.11,3992.11,3992.11,Gain,0,3992.11
2015-07-17,3957.35,3957.35,3957.35,3957.35,Gain,0,3957.35
2015-07-16,3823.18,3823.18,3823.18,3823.18,Gain,0,3823.18
2015-07-15,3805.7,3805.7,3805.7,3805.7,Gain,0,3805.7
2015-07-14,3924.49,3924.49,3924.49,3924.49,Gain,0,3924.49
2015-07-13,3970.39,3970.39,3970.39,3970.39,Gain,0,3970.39
2015-07-10,3877.8,3877.8,3877.8,3877.8,Gain,0,3877.8
2015-07-09,3709.33,3709.33,3709.33,3709.33,Gain,0,3709.33
2015-07-08,3507.19,3507.19,3507.19,3507.19,Gain,0,3507.19
2015-07-07,3727.12,3727.12,3727.12,3727.12,Gain,0,3727.12
2015-07-06,3775.91,3775.91,3775.91,3775.91,Gain,0,3775.91
2015-07-03,3686.92,3686.92,3686.92,3686.92,Gain,0,3686.92
2015-07-02,3912.77,3912.77,3912.77,3912.77,Gain,0,3912.77
2015-07-01,4053.7,4053.7,4053.7,4053.7,Gain,0,4053.7
2015-06-30,4277.22,4277.22,4277.22,4277.22,Gain,0,4277.22
2015-06-29,4053.03,4053.03,4053.03,4053.03,Gain,0,4053.03
2015-06-26,4192.87,4192.87,4192.87,4192.87,Gain,0,4192.87
2015-06-25,4527.78,4527.78,4527.78,4527.78,Gain,0,4527.78
2015-06-24,4690.15,4690.15,4690.15,4690.15,Gain,0,4690.15
2015-06-23,4576.49,4576.49,4576.49,4576.49,Gain,0,4576.49
2015-06-19,4478.36,4478.36,4478.36,4478.36,Gain,0,4478.36
2015-06-18,4785.36,4785.36,4785.36,4785.36,Gain,0,4785.36
2015-06-17,4967.9,4967.9,4967.9,4967.9,Gain,0,4967.9
2015-06-16,4887.43,4887.43,4887.43,4887.43,Gain,0,4887.43
2015-06-15,5062.99,5062.99,5062.99,5062.99,Gain,0,5062.99
2015-06-12,5166.35,5166.35,5166.35,5166.35,Gain,0,5166.35
2015-06-11,5121.59,5121.59,5121.59,5121.59,Gain,0,5121.59
2015-06-10,5106.04,5106.04,5106.04,5106.04,Gain,0,5106.04
2015-06-09,5113.53,5113.53,5113.53,5113.53,Gain,0,5113.53
2015-06-08,5131.88,5131.88,5131.88,5131.88,Gain,0,5131.88
2015-06-05,5023.1,5023.1,5023.1,5023.1,Gain,0,5023.1
2015-06-04,4947.1,4947.1,4947.1,4947.1,Gain,0,4947.1
2015-06-03,4909.98,4909.98,4909.98,4909.98,Gain,0,4909.98
2015-06-02,4910.53,4910.53,4910.53,4910.53,Gain,0,4910.53
2015-06-01,4828.74,4828.74,4828.74,4828.74,Gain,0,4828.74
2015-05-29,4611.74,4611.74,4611.74,4611.74,Gain,0,4611.74
2015-05-28,4620.27,4620.27,4620.27,4620.27,Gain,0,4620.27
2015-05-27,4941.71,4941.71,4941.71,4941.71,Gain,0,4941.71
2015-05-26,4910.9,4910.9,4910.9,4910.9,Gain,0,4910.9
2015-05-25,4813.8,4813.8,4813.8,4813.8,Gain,0,4813.8
2015-05-22,4657.6,4657.6,4657.6,4657.6,Gain,0,4657.6
2015-05-21,4529.42,4529.42,4529.42,4529.42,Gain,0,4529.42
2015-05-20,4446.29,4446.29,4446.29,4446.29,Gain,0,4446.29
2015-05-19,4417.55,4417.55,4417.55,4417.55,Gain,0,4417.55
2015-05-18,4283.49,4283.49,4283.49,4283.49,Gain,0,4283.49
2015-05-15,4308.69,4308.69,4308.69,4308.69,Gain,0,4308.69
2015-05-14,4378.31,4378.31,4378.31,4378.31,Gain,0,4378.31
2015-05-13,4375.76,4375.76,4375.76,4375.76,Gain,0,4375.76
2015-05-12,4401.22,4401.22,4401.22,4401.22,Gain,0,4401.22
2015-05-11,4333.58,4333.58,4333.58,4333.58,Gain,0,4333.58
2015-05-08,4205.92,4205.92,4205.92,4205.92,Gain,0,4205.92
2015-05-07,4112.21,4112.21,4112.21,4112.21,Gain,0,4112.21
2015-05-06,4229.27,4229.27,4229.27,4229.27,Gain,0,4229.27
2015-05-05,4298.71,4298.71,4298.71,4298.71,Gain,0,4298.71
2015-05-04,4480.46,4480.46,4480.46,4480.46,Gain,0,4480.46
2015-04-30,4441.65,4441.65,4441.65,4441.65,Gain,0,4441.65
2015-04-29,4476.62,4476.62,4476.62,4476.62,Gain,0,4476.62
2015-04-28,4476.21,4476.21,4476.21,4476.21,Gain,0,4476.21
2015-04-27,4527.4,4527.4,4527.4,4527.4,Gain,0,4527.4
2015-04-24,4393.69,4393.69,4393.69,4393.69,Gain,0,4393.69
2015-04-23,4414.51,4414.51,4414.51,4414.51,Gain,0,4414.51
2015-04-22,4398.49,4398.49,4398.49,4398.49,Gain,0,4398.49
2015-04-21,4293.62,4293.62,4293.62,4293.62,Gain,0,4293.62
2015-04-20,4217.08,4217.08,4217.08,4217.08,Gain,0,4217.08
2015-04-17,4287.3,4287.3,4287.3,4287.3,Gain,0,4287.3
2015-04-16,4194.82,4194.82,4194.82,4194.82,Gain,0,4194.82
2015-04-15,4084.16,4084.16,4084.16,4084.16,Gain,0,4084.16
2015-04-14,4135.56,4135.56,4135.56,4135.56,Gain,0,4135.56
2015-04-13,4121.71,4121.71,4121.71,4121.71,Gain,0,4121.71
2015-04-10,4034.31,4034.31,4034.31,4034.31,Gain,0,4034.31
2015-04-09,3957.53,3957.53,3957.53,3957.53,Gain,0,3957.53
2015-04-08,3994.81,3994.81,3994.81,3994.81,Gain,0,3994.81
2015-04-07,3961.38,3961.38,3961.38,3961.38,Gain,0,3961.38
2015-04-03,3863.93,3863.93,3863.93,3863.93,Gain,0,3863.93
2015-04-02,3825.78,3825.78,3825.78,3825.78,Gain,0,3825.78
2015-04-01,3810.29,3810.29,3810.29,3810.29,Gain,0,3810.29
2015-03-31,3747.9,3747.9,3747.9,3747.9,Gain,0,3747.9
2015-03-30,3786.57,3786.57,3786.57,3786.57,Gain,0,3786.57
2015-03-27,3691.1,3691.1,3691.1,3691.1,Gain,0,3691.1
2015-03-26,3682.09,3682.09,3682.09,3682.09,Gain,0,3682.09
2015-03-25,3660.73,3660.73,3660.73,3660.73,Gain,0,3660.73
2015-03-24,3691.41,3691.41,3691.41,3691.41,Gain,0,3691.41
2015-03-23,3687.73,3687.73,3687.73,3687.73,Gain,0,3687.73
2015-03-20,3617.32,3617.32,3617.32,3617.32,Gain,0,3617.32
2015-03-19,3582.27,3582.27,3582.27,3582.27,Gain,0,3582.27
2015-03-18,3577.3,3577.3,3577.3,3577.3,Gain,0,3577.3
2015-03-17,3502.85,3502.85,3502.85,3502.85,Gain,0,3502.85
2015-03-16,3449.3,3449.3,3449.3,3449.3,Gain,0,3449.3
2015-03-13,3372.91,3372.91,3372.91,3372.91,Gain,0,3372.91
2015-03-12,3349.32,3349.32,3349.32,3349.32,Gain,0,3349.32
2015-03-11,3290.9,3290.9,3290.9,3290.9,Gain,0,3290.9
2015-03-10,3286.07,3286.07,3286.07,3286.07,Gain,0,3286.07
2015-03-09,3302.41,3302.41,3302.41,3302.41,Gain,0,3302.41
2015-03-06,3241.19,3241.19,3241.19,3241.19,Gain,0,3241.19
2015-03-05,3248.48,3248.48,3248.48,3248.48,Gain,0,3248.48
2015-03-04,3279.53,3279.53,3279.53,3279.53,Gain,0,3279.53
2015-03-03,3263.05,3263.05,3263.05,3263.05,Gain,0,3263.05
2015-03-02,3336.28,3336.28,3336.28,3336.28,Gain,0,3336.28
2015-02-27,3310.3,3310.3,3310.3,3310.3,Gain,0,3310.3
2015-02-26,3298.36,3298.36,3298.36,3298.36,Gain,0,3298.36
2015-02-25,3228.84,3228.84,3228.84,3228.84,Gain,0,3228.84
2015-02-17,3246.91,3246.91,3246.91,3246.91,Gain,0,3246.91
2015-02-16,3222.36,3222.36,3222.36,3222.36,Gain,0,3222.36
2015-02-13,3203.83,3203.83,3203.83,3203.83,Gain,0,3203.83
2015-02-12,3173.42,3173.42,3173.42,3173.42,Gain,0,3173.42
2015-02-11,3157.7,3157.7,3157.7,3157.7,Gain,0,3157.7
2015-02-10,3141.59,3141.59,3141.59,3141.59,Gain,0,3141.59
2015-02-09,3095.12,3095.12,3095.12,3095.12,Gain,0,3095.12
2015-02-06,3075.91,3075.91,3075.91,3075.91,Gain,0,3075.91
2015-02-05,3136.53,3136.53,3136.53,3136.53,Gain,0,3136.53
2015-02-04,3174.13,3174.13,3174.13,3174.13,Gain,0,3174.13
2015-02-03,3204.91,3204.91,3204.91,3204.91,Gain,0,3204.91
2015-02-02,3128.3,3128.3,3128.3,3128.3,Gain,0,3128.3
2015-01-30,3210.36,3210.36,3210.36,3210.36,Gain,0,3210.36
2015-01-29,3262.3,3262.3,3262.3,3262.3,Gain,0,3262.3
2015-01-28,3305.74,3305.74,3305.74,3305.74,Gain,0,3305.74
2015-01-27,3352.96,3352.96,3352.96,3352.96,Gain,0,3352.96
2015-01-26,3383.18,3383.18,3383.18,3383.18,Gain,0,3383.18
2015-01-23,3351.76,3351.76,3351.76,3351.76,Gain,0,3351.76
2015-01-22,3343.34,3343.34,3343.34,3343.34,Gain,0,3343.34
2015-01-21,3323.61,3323.61,3323.61,3323.61,Gain,0,3323.61
2015-01-20,3173.05,3173.05,3173.05,3173.05,Gain,0,3173.05
2015-01-19,3116.35,3116.35,3116.35,3116.35,Gain,0,3116.35
2015-01-16,3376.5,3376.5,3376.5,3376.5,Gain,0,3376.5
2015-01-15,3336.46,3336.46,3336.46,3336.46,Gain,0,3336.46
2015-01-14,3222.44,3222.44,3222.44,3222.44,Gain,0,3222.44
2015-01-13,3235.3,3235.3,3235.3,3235.3,Gain,0,3235.3
2015-01-12,3229.32,3229.32,3229.32,3229.32,Gain,0,3229.32
2015-01-09,3285.41,3285.41,3285.41,3285.41,Gain,0,3285.41
2015-01-08,3293.46,3293.46,3293.46,3293.46,Gain,0,3293.46
2015-01-07,3373.95,3373.95,3373.95,3373.95,Gain,0,3373.95
2015-01-06,3351.45,3351.45,3351.45,3351.45,Gain,0,3351.45
2015-01-05,3350.52,3350.52,3350.52,3350.52,Gain,0,3350.52
2014-12-31,3234.68,3234.68,3234.68,3234.68,Gain,0,3234.68
2014-12-30,3165.81,3165.81,3165.81,3165.81,Gain,0,3165.81
2014-12-29,3168.02,3168.02,3168.02,3168.02,Gain,0,3168.02
2014-12-26,3157.6,3157.6,3157.6,3157.6,Gain,0,3157.6
2014-12-25,3072.54,3072.54,3072.54,3072.54,Gain,0,3072.54
2014-12-24,2972.53,2972.53,2972.53,2972.53,Gain,0,2972.53
2014-12-23,3032.61,3032.61,3032.61,3032.61,Gain,0,3032.61
2014-12-22,3127.45,3127.45,3127.45,3127.45,Gain,0,3127.45
2014-12-19,3108.6,3108.6,3108.6,3108.6,Gain,0,3108.6
2014-12-18,3057.52,3057.52,3057.52,3057.52,Gain,0,3057.52
2014-12-17,3061.02,3061.02,3061.02,3061.02,Gain,0,3061.02
2014-12-16,3021.52,3021.52,3021.52,3021.52,Gain,0,3021.52
2014-12-15,2953.42,2953.42,2953.42,2953.42,Gain,0,2953.42
2014-12-12,2938.17,2938.17,2938.17,2938.17,Gain,0,2938.17
2014-12-11,2925.74,2925.74,2925.74,2925.74,Gain,0,2925.74
2014-12-10,2940.01,2940.01,2940.01,2940.01,Gain,0,2940.01
2014-12-09,2856.27,2856.27,2856.27,2856.27,Gain,0,2856.27
2014-12-08,3020.26,3020.26,3020.26,3020.26,Gain,0,3020.26
2014-12-05,2937.65,2937.65,2937.65,2937.65,Gain,0,2937.65
2014-12-04,2899.46,2899.46,2899.46,2899.46,Gain,0,2899.46
2014-12-03,2779.52,2779.52,2779.52,2779.52,Gain,0,2779.52
2014-12-02,2763.54,2763.54,2763.54,2763.54,Gain,0,2763.54
2014-12-01,2680.16,2680.16,2680.16,2680.16,Gain,0,2680.16
2014-11-28,2682.83,2682.83,2682.83,2682.83,Gain,0,2682.83
2014-11-27,2630.49,2630.49,2630.49,2630.49,Gain,0,2630.49
2014-11-26,2604.34,2604.34,2604.34,2604.34,Gain,0,2604.34
2014-11-25,2567.6,2567.6,2567.6,2567.6,Gain,0,2567.6
2014-11-24,2532.88,2532.88,2532.88,2532.88,Gain,0,2532.88
2014-11-21,2486.79,2486.79,2486.79,2486.79,Gain,0,2486.79
2014-11-20,2452.66,2452.66,2452.66,2452.66,Gain,0,2452.66
2014-11-19,2450.99,2450.99,2450.99,2450.99,Gain,0,2450.99
2014-11-18,2456.37,2456.37,2456.37,2456.37,Gain,0,2456.37
2014-11-17,2474.01,2474.01,2474.01,2474.01,Gain,0,2474.01
2014-11-14,2478.82,2478.82,2478.82,2478.82,Gain,0,2478.82
2014-11-13,2485.61,2485.61,2485.61,2485.61,Gain,0,2485.61
2014-11-12,2494.48,2494.48,2494.48,2494.48,Gain,0,2494.48
2014-11-11,2469.67,2469.67,2469.67,2469.67,Gain,0,2469.67
2014-11-10,2473.67,2473.67,2473.67,2473.67,Gain,0,2473.67
2014-11-07,2418.17,2418.17,2418.17,2418.17,Gain,0,2418.17
2014-11-06,2425.86,2425.86,2425.86,2425.86,Gain,0,2425.86
2014-11-05,2419.25,2419.25,2419.25,2419.25,Gain,0,2419.25
2014-11-04,2430.68,2430.68,2430.68,2430.68,Gain,0,2430.68
2014-11-03,2430.03,2430.03,2430.03,2430.03,Gain,0,2430.03
2014-10-31,2420.18,2420.18,2420.18,2420.18,Gain,0,2420.18
2014-10-30,2391.08,2391.08,2391.08,2391.08,Gain,0,2391.08
2014-10-29,2373.03,2373.03,2373.03,2373.03,Gain,0,2373.03
2014-10-28,2337.87,2337.87,2337.87,2337.87,Gain,0,2337.87
2014-10-27,2290.44,2290.44,2290.44,2290.44,Gain,0,2290.44
2014-10-24,2302.28,2302.28,2302.28,2302.28,Gain,0,2302.28
2014-10-23,2302.42,2302.42,2302.42,2302.42,Gain,0,2302.42
2014-10-22,2326.55,2326.55,2326.55,2326.55,Gain,0,2326.55
2014-10-21,2339.66,2339.66,2339.66,2339.66,Gain,0,2339.66
2014-10-20,2356.73,2356.73,2356.73,2356.73,Gain,0,2356.73
2014-10-17,2341.18,2341.18,2341.18,2341.18,Gain,0,2341.18
2014-10-16,2356.5,2356.5,2356.5,2356.5,Gain,0,2356.5
2014-10-15,2373.67,2373.67,2373.67,2373.67,Gain,0,2373.67
2014-10-14,2359.48,2359.48,2359.48,2359.48,Gain,0,2359.48
2014-10-13,2366.01,2366.01,2366.01,2366.01,Gain,0,2366.01
2014-10-10,2374.54,2374.54,2374.54,2374.54,Gain,0,2374.54
2014-10-09,2389.37,2389.37,2389.37,2389.37,Gain,0,2389.37
2014-10-08,2382.79,2382.79,2382.79,2382.79,Gain,0,2382.79
2014-09-30,2363.87,2363.87,2363.87,2363.87,Gain,0,2363.87
2014-09-29,2357.71,2357.71,2357.71,2357.71,Gain,0,2357.71
2014-09-26,2347.72,2347.72,2347.72,2347.72,Gain,0,2347.72
2014-09-25,2345.1,2345.1,2345.1,2345.1,Gain,0,2345.1
2014-09-24,2343.57,2343.57,2343.57,2343.57,Gain,0,2343.57
2014-09-23,2309.72,2309.72,2309.72,2309.72,Gain,0,2309.72
2014-09-22,2289.87,2289.87,2289.87,2289.87,Gain,0,2289.87
2014-09-19,2329.45,2329.45,2329.45,2329.45,Gain,0,2329.45
2014-09-18,2315.93,2315.93,2315.93,2315.93,Gain,0,2315.93
2014-09-17,2307.89,2307.89,2307.89,2307.89,Gain,0,2307.89
2014-09-16,2296.55,2296.55,2296.55,2296.55,Gain,0,2296.55
2014-09-15,2339.14,2339.14,2339.14,2339.14,Gain,0,2339.14
2014-09-12,2331.95,2331.95,2331.95,2331.95,Gain,0,2331.95
2014-09-11,2311.68,2311.68,2311.68,2311.68,Gain,0,2311.68
2014-09-10,2318.3,2318.3,2318.3,2318.3,Gain,0,2318.3
2014-09-09,2326.53,2326.53,2326.53,2326.53,Gain,0,2326.53
2014-09-05,2326.43,2326.43,2326.43,2326.43,Gain,0,2326.43
2014-09-04,2306.86,2306.86,2306.86,2306.86,Gain,0,2306.86
2014-09-03,2288.63,2288.63,2288.63,2288.63,Gain,0,2288.63
2014-09-02,2266.05,2266.05,2266.05,2266.05,Gain,0,2266.05
2014-09-01,2235.51,2235.51,2235.51,2235.51,Gain,0,2235.51
2014-08-29,2217.2,2217.2,2217.2,2217.2,Gain,0,2217.2
2014-08-28,2195.82,2195.82,2195.82,2195.82,Gain,0,2195.82
2014-08-27,2209.47,2209.47,2209.47,2209.47,Gain,0,2209.47
2014-08-26,2207.11,2207.11,2207.11,2207.11,Gain,0,2207.11
2014-08-25,2229.27,2229.27,2229.27,2229.27,Gain,0,2229.27
2014-08-22,2240.81,2240.81,2240.81,2240.81,Gain,0,2240.81
2014-08-21,2230.46,2230.46,2230.46,2230.46,Gain,0,2230.46
2014-08-20,2240.21,2240.21,2240.21,2240.21,Gain,0,2240.21
2014-08-19,2245.33,2245.33,2245.33,2245.33,Gain,0,2245.33
2014-08-18,2239.47,2239.47,2239.47,2239.47,Gain,0,2239.47
2014-08-15,2226.73,2226.73,2226.73,2226.73,Gain,0,2226.73
2014-08-14,2206.47,2206.47,2206.47,2206.47,Gain,0,2206.47
2014-08-13,2222.88,2222.88,2222.88,2222.88,Gain,0,2222.88
2014-08-12,2221.59,2221.59,2221.59,2221.59,Gain,0,2221.59
2014-08-11,2224.65,2224.65,2224.65,2224.65,Gain,0,2224.65
2014-08-08,2194.43,2194.43,2194.43,2194.43,Gain,0,2194.43
2014-08-07,2187.67,2187.67,2187.67,2187.67,Gain,0,2187.67
2014-08-06,2217.47,2217.47,2217.47,2217.47,Gain,0,2217.47
2014-08-05,2219.95,2219.95,2219.95,2219.95,Gain,0,2219.95
2014-08-04,2223.33,2223.33,2223.33,2223.33,Gain,0,2223.33
2014-08-01,2185.3,2185.3,2185.3,2185.3,Gain,0,2185.3
2014-07-31,2201.56,2201.56,2201.56,2201.56,Gain,0,2201.56
2014-07-30,2181.24,2181.24,2181.24,2181.24,Gain,0,2181.24
2014-07-29,2183.19,2183.19,2183.19,2183.19,Gain,0,2183.19
2014-07-28,2177.95,2177.95,2177.95,2177.95,Gain,0,2177.95
2014-07-25,2126.61,2126.61,2126.61,2126.61,Gain,0,2126.61
2014-07-24,2105.06,2105.06,2105.06,2105.06,Gain,0,2105.06
2014-07-23,2078.49,2078.49,2078.49,2078.49,Gain,0,2078.49
2014-07-22,2075.48,2075.48,2075.48,2075.48,Gain,0,2075.48
2014-07-21,2054.48,2054.48,2054.48,2054.48,Gain,0,2054.48
2014-07-18,2059.07,2059.07,2059.07,2059.07,Gain,0,2059.07
2014-07-17,2055.59,2055.59,2055.59,2055.59,Gain,0,2055.59
2014-07-16,2067.28,2067.28,2067.28,2067.28,Gain,0,2067.28
2014-07-15,2070.36,2070.36,2070.36,2070.36,Gain,0,2070.36
2014-07-14,2066.65,2066.65,2066.65,2066.65,Gain,0,2066.65
2014-07-11,2046.96,2046.96,2046.96,2046.96,Gain,0,2046.96
2014-07-10,2038.34,2038.34,2038.34,2038.34,Gain,0,2038.34
2014-07-09,2038.61,2038.61,2038.61,2038.61,Gain,0,2038.61
2014-07-08,2064.02,2064.02,2064.02,2064.02,Gain,0,2064.02
2014-07-07,2059.93,2059.93,2059.93,2059.93,Gain,0,2059.93
2014-07-04,2059.38,2059.38,2059.38,2059.38,Gain,0,2059.38
2014-07-03,2063.23,2063.23,2063.23,2063.23,Gain,0,2063.23
2014-07-02,2059.42,2059.42,2059.42,2059.42,Gain,0,2059.42
2014-07-01,2050.38,2050.38,2050.38,2050.38,Gain,0,2050.38
2014-06-30,2048.33,2048.33,2048.33,2048.33,Gain,0,2048.33
2014-06-27,2036.51,2036.51,2036.51,2036.51,Gain,0,2036.51
2014-06-26,2038.68,2038.68,2038.68,2038.68,Gain,0,2038.68
2014-06-25,2025.5,2025.5,2025.5,2025.5,Gain,0,2025.5
2014-06-24,2033.93,2033.93,2033.93,2033.93,Gain,0,2033.93
2014-06-23,2024.36,2024.36,2024.36,2024.36,Gain,0,2024.36
2014-06-20,2026.67,2026.67,2026.67,2026.67,Gain,0,2026.67
2014-06-19,2023.73,2023.73,2023.73,2023.73,Gain,0,2023.73
2014-06-18,2055.52,2055.52,2055.52,2055.52,Gain,0,2055.52
2014-06-17,2066.7,2066.7,2066.7,2066.7,Gain,0,2066.7
2014-06-16,2085.98,2085.98,2085.98,2085.98,Gain,0,2085.98
2014-06-13,2070.72,2070.72,2070.72,2070.72,Gain,0,2070.72
2014-06-12,2051.71,2051.71,2051.71,2051.71,Gain,0,2051.71
2014-06-11,2054.95,2054.95,2054.95,2054.95,Gain,0,2054.95
2014-06-10,2052.53,2052.53,2052.53,2052.53,Gain,0,2052.53
2014-06-09,2030.5,2030.5,2030.5,2030.5,Gain,0,2030.5
2014-06-06,2029.96,2029.96,2029.96,2029.96,Gain,0,2029.96
2014-06-05,2040.88,2040.88,2040.88,2040.88,Gain,0,2040.88
2014-06-04,2024.83,2024.83,2024.83,2024.83,Gain,0,2024.83
2014-06-03,2038.31,2038.31,2038.31,2038.31,Gain,0,2038.31
2014-05-30,2039.21,2039.21,2039.21,2039.21,Gain,0,2039.21
2014-05-29,2040.59,2040.59,2040.59,2040.59,Gain,0,2040.59
2014-05-28,2050.23,2050.23,2050.23,2050.23,Gain,0,2050.23
2014-05-27,2034.56,2034.56,2034.56,2034.56,Gain,0,2034.56
2014-05-26,2041.48,2041.48,2041.48,2041.48,Gain,0,2041.48
2014-05-23,2034.57,2034.57,2034.57,2034.57,Gain,0,2034.57
2014-05-22,2021.29,2021.29,2021.29,2021.29,Gain,0,2021.29
2014-05-21,2024.95,2024.95,2024.95,2024.95,Gain,0,2024.95
2014-05-20,2008.12,2008.12,2008.12,2008.12,Gain,0,2008.12
2014-05-19,2005.18,2005.18,2005.18,2005.18,Gain,0,2005.18
2014-05-16,2026.5,2026.5,2026.5,2026.5,Gain,0,2026.5
2014-05-15,2024.97,2024.97,2024.97,2024.97,Gain,0,2024.97
2014-05-14,2047.91,2047.91,2047.91,2047.91,Gain,0,2047.91
2014-05-13,2050.73,2050.73,2050.73,2050.73,Gain,0,2050.73
2014-05-12,2052.87,2052.87,2052.87,2052.87,Gain,0,2052.87
2014-05-09,2011.14,2011.14,2011.14,2011.14,Gain,0,2011.14
2014-05-08,2015.27,2015.27,2015.27,2015.27,Gain,0,2015.27
2014-05-07,2010.08,2010.08,2010.08,2010.08,Gain,0,2010.08
2014-05-06,2028.04,2028.04,2028.04,2028.04,Gain,0,2028.04
2014-05-05,2027.35,2027.35,2027.35,2027.35,Gain,0,2027.35
2014-04-30,2026.36,2026.36,2026.36,2026.36,Gain,0,2026.36
2014-04-29,2020.34,2020.34,2020.34,2020.34,Gain,0,2020.34
2014-04-28,2003.49,2003.49,2003.49,2003.49,Gain,0,2003.49
2014-04-25,2036.52,2036.52,2036.52,2036.52,Gain,0,2036.52
2014-04-24,2057.03,2057.03,2057.03,2057.03,Gain,0,2057.03
2014-04-23,2067.38,2067.38,2067.38,2067.38,Gain,0,2067.38
2014-04-22,2072.83,2072.83,2072.83,2072.83,Gain,0,2072.83
2014-04-21,2065.83,2065.83,2065.83,2065.83,Gain,0,2065.83
2014-04-18,2097.75,2097.75,2097.75,2097.75,Gain,0,2097.75
2014-04-17,2098.89,2098.89,2098.89,2098.89,Gain,0,2098.89
2014-04-16,2105.12,2105.12,2105.12,2105.12,Gain,0,2105.12
2014-04-15,2101.6,2101.6,2101.6,2101.6,Gain,0,2101.6
2014-04-14,2131.54,2131.54,2131.54,2131.54,Gain,0,2131.54
2014-04-11,2130.54,2130.54,2130.54,2130.54,Gain,0,2130.54
2014-04-10,2134.3,2134.3,2134.3,2134.3,Gain,0,2134.3
2014-04-09,2105.24,2105.24,2105.24,2105.24,Gain,0,2105.24
2014-04-08,2098.28,2098.28,2098.28,2098.28,Gain,0,2098.28
2014-04-04,2058.83,2058.83,2058.83,2058.83,Gain,0,2058.83
2014-04-03,2043.7,2043.7,2043.7,2043.7,Gain,0,2043.7
2014-04-02,2058.99,2058.99,2058.99,2058.99,Gain,0,2058.99
2014-04-01,2047.46,2047.46,2047.46,2047.46,Gain,0,2047.46
2014-03-31,2033.31,2033.31,2033.31,2033.31,Gain,0,2033.31
2014-03-28,2041.71,2041.71,2041.71,2041.71,Gain,0,2041.71
2014-03-27,2046.59,2046.59,2046.59,2046.59,Gain,0,2046.59
2014-03-26,2063.67,2063.67,2063.67,2063.67,Gain,0,2063.67
2014-03-25,2067.31,2067.31,2067.31,2067.31,Gain,0,2067.31
2014-03-24,2066.28,2066.28,2066.28,2066.28,Gain,0,2066.28
2014-03-21,2047.62,2047.62,2047.62,2047.62,Gain,0,2047.62
2014-03-20,1993.48,1993.48,1993.48,1993.48,Gain,0,1993.48
2014-03-19,2021.73,2021.73,2021.73,2021.73,Gain,0,2021.73
2014-03-18,2025.2,2025.2,2025.2,2025.2,Gain,0,2025.2
2014-03-17,2023.67,2023.67,2023.67,2023.67,Gain,0,2023.67
2014-03-14,2004.34,2004.34,2004.34,2004.34,Gain,0,2004.34
2014-03-13,2019.11,2019.11,2019.11,2019.11,Gain,0,2019.11
2014-03-12,1997.69,1997.69,1997.69,1997.69,Gain,0,1997.69
2014-03-11,2001.16,2001.16,2001.16,2001.16,Gain,0,2001.16
2014-03-10,1999.06,1999.06,1999.06,1999.06,Gain,0,1999.06
2014-03-07,2057.91,2057.91,2057.91,2057.91,Gain,0,2057.91
2014-03-06,2059.58,2059.58,2059.58,2059.58,Gain,0,2059.58
2014-03-05,2053.08,2053.08,2053.08,2053.08,Gain,0,2053.08
2014-03-04,2071.47,2071.47,2071.47,2071.47,Gain,0,2071.47
2014-03-03,2075.24,2075.24,2075.24,2075.24,Gain,0,2075.24
2014-02-28,2056.3,2056.3,2056.3,2056.3,Gain,0,2056.3
2014-02-27,2047.35,2047.35,2047.35,2047.35,Gain,0,2047.35
2014-02-26,2041.25,2041.25,2041.25,2041.25,Gain,0,2041.25
2014-02-25,2034.22,2034.22,2034.22,2034.22,Gain,0,2034.22
2014-02-24,2076.69,2076.69,2076.69,2076.69,Gain,0,2076.69
2014-02-21,2113.69,2113.69,2113.69,2113.69,Gain,0,2113.69
2014-02-20,2138.78,2138.78,2138.78,2138.78,Gain,0,2138.78
2014-02-19,2142.55,2142.55,2142.55,2142.55,Gain,0,2142.55
2014-02-18,2119.07,2119.07,2119.07,2119.07,Gain,0,2119.07
2014-02-17,2135.42,2135.42,2135.42,2135.42,Gain,0,2135.42
2014-02-14,2115.85,2115.85,2115.85,2115.85,Gain,0,2115.85
2014-02-13,2098.4,2098.4,2098.4,2098.4,Gain,0,2098.4
2014-02-12,2109.96,2109.96,2109.96,2109.96,Gain,0,2109.96
2014-02-11,2103.67,2103.67,2103.67,2103.67,Gain,0,2103.67
2014-02-10,2086.07,2086.07,2086.07,2086.07,Gain,0,2086.07
2014-02-07,2044.5,2044.5,2044.5,2044.5,Gain,0,2044.5
2014-01-30,2033.08,2033.08,2033.08,2033.08,Gain,0,2033.08
2014-01-29,2049.91,2049.91,2049.91,2049.91,Gain,0,2049.91
2014-01-28,2038.51,2038.51,2038.51,2038.51,Gain,0,2038.51
2014-01-27,2033.3,2033.3,2033.3,2033.3,Gain,0,2033.3
2014-01-24,2054.39,2054.39,2054.39,2054.39,Gain,0,2054.39
2014-01-23,2042.18,2042.18,2042.18,2042.18,Gain,0,2042.18
2014-01-22,2051.75,2051.75,2051.75,2051.75,Gain,0,2051.75
2014-01-21,2008.31,2008.31,2008.31,2008.31,Gain,0,2008.31
2014-01-20,1991.25,1991.25,1991.25,1991.25,Gain,0,1991.25
2014-01-17,2004.95,2004.95,2004.95,2004.95,Gain,0,2004.95
2014-01-16,2023.7,2023.7,2023.7,2023.7,Gain,0,2023.7
2014-01-15,2023.35,2023.35,2023.35,2023.35,Gain,0,2023.35
2014-01-14,2026.84,2026.84,2026.84,2026.84,Gain,0,2026.84
2014-01-13,2009.56,2009.56,2009.56,2009.56,Gain,0,2009.56
2014-01-10,2013.3,2013.3,2013.3,2013.3,Gain,0,2013.3
2014-01-09,2027.62,2027.62,2027.62,2027.62,Gain,0,2027.62
2014-01-08,2044.34,2044.34,2044.34,2044.34,Gain,0,2044.34
2014-01-07,2047.32,2047.32,2047.32,2047.32,Gain,0,2047.32
2014-01-06,2045.71,2045.71,2045.71,2045.71,Gain,0,2045.71
2014-01-03,2083.14,2083.14,2083.14,2083.14,Gain,0,2083.14
2014-01-02,2109.39,2109.39,2109.39,2109.39,Gain,0,2109.39
2013-12-31,2115.98,2115.98,2115.98,2115.98,Gain,0,2115.98
2013-12-30,2097.53,2097.53,2097.53,2097.53,Gain,0,2097.53
2013-12-27,2101.25,2101.25,2101.25,2101.25,Gain,0,2101.25
2013-12-26,2073.1,2073.1,2073.1,2073.1,Gain,0,2073.1
2013-12-25,2106.35,2106.35,2106.35,2106.35,Gain,0,2106.35
2013-12-24,2092.91,2092.91,2092.91,2092.91,Gain,0,2092.91
2013-12-23,2089.71,2089.71,2089.71,2089.71,Gain,0,2089.71
2013-12-20,2084.79,2084.79,2084.79,2084.79,Gain,0,2084.79
2013-12-19,2127.79,2127.79,2127.79,2127.79,Gain,0,2127.79
2013-12-18,2148.28,2148.28,2148.28,2148.28,Gain,0,2148.28
2013-12-17,2151.08,2151.08,2151.08,2151.08,Gain,0,2151.08
2013-12-16,2160.86,2160.86,2160.86,2160.86,Gain,0,2160.86
2013-12-13,2196.07,2196.07,2196.07,2196.07,Gain,0,2196.07
2013-12-12,2202.8,2202.8,2202.8,2202.8,Gain,0,2202.8
2013-12-11,2204.17,2204.17,2204.17,2204.17,Gain,0,2204.17
2013-12-10,2237.49,2237.49,2237.49,2237.49,Gain,0,2237.49
2013-12-09,2238.2,2238.2,2238.2,2238.2,Gain,0,2238.2
2013-12-06,2237.11,2237.11,2237.11,2237.11,Gain,0,2237.11
2013-12-05,2247.06,2247.06,2247.06,2247.06,Gain,0,2247.06
2013-12-04,2251.76,2251.76,2251.76,2251.76,Gain,0,2251.76
2013-12-03,2222.67,2222.67,2222.67,2222.67,Gain,0,2222.67
2013-12-02,2207.37,2207.37,2207.37,2207.37,Gain,0,2207.37
2013-11-29,2220.5,2220.5,2220.5,2220.5,Gain,0,2220.5
2013-11-28,2219.37,2219.37,2219.37,2219.37,Gain,0,2219.37
2013-11-27,2201.07,2201.07,2201.07,2201.07,Gain,0,2201.07
2013-11-26,2183.07,2183.07,2183.07,2183.07,Gain,0,2183.07
2013-11-25,2186.11,2186.11,2186.11,2186.11,Gain,0,2186.11
2013-11-22,2196.38,2196.38,2196.38,2196.38,Gain,0,2196.38
2013-11-21,2205.77,2205.77,2205.77,2205.77,Gain,0,2205.77
2013-11-20,2206.61,2206.61,2206.61,2206.61,Gain,0,2206.61
2013-11-19,2193.12,2193.12,2193.12,2193.12,Gain,0,2193.12
2013-11-18,2197.22,2197.22,2197.22,2197.22,Gain,0,2197.22
2013-11-15,2135.83,2135.83,2135.83,2135.83,Gain,0,2135.83
2013-11-14,2100.51,2100.51,2100.51,2100.51,Gain,0,2100.51
2013-11-13,2087.94,2087.94,2087.94,2087.94,Gain,0,2087.94
2013-11-12,2126.77,2126.77,2126.77,2126.77,Gain,0,2126.77
2013-11-11,2109.47,2109.47,2109.47,2109.47,Gain,0,2109.47
2013-11-08,2106.13,2106.13,2106.13,2106.13,Gain,0,2106.13
2013-11-07,2129.4,2129.4,2129.4,2129.4,Gain,0,2129.4
2013-11-06,2139.61,2139.61,2139.61,2139.61,Gain,0,2139.61
2013-11-05,2157.24,2157.24,2157.24,2157.24,Gain,0,2157.24
2013-11-04,2149.63,2149.63,2149.63,2149.63,Gain,0,2149.63
2013-11-01,2149.56,2149.56,2149.56,2149.56,Gain,0,2149.56
2013-10-31,2141.61,2141.61,2141.61,2141.61,Gain,0,2141.61
2013-10-30,2160.46,2160.46,2160.46,2160.46,Gain,0,2160.46
2013-10-29,2128.86,2128.86,2128.86,2128.86,Gain,0,2128.86
2013-10-28,2133.87,2133.87,2133.87,2133.87,Gain,0,2133.87
2013-10-25,2132.96,2132.96,2132.96,2132.96,Gain,0,2132.96
2013-10-24,2164.32,2164.32,2164.32,2164.32,Gain,0,2164.32
2013-10-23,2183.11,2183.11,2183.11,2183.11,Gain,0,2183.11
2013-10-22,2210.65,2210.65,2210.65,2210.65,Gain,0,2210.65
2013-10-21,2229.24,2229.24,2229.24,2229.24,Gain,0,2229.24
2013-10-18,2193.78,2193.78,2193.78,2193.78,Gain,0,2193.78
2013-10-17,2188.54,2188.54,2188.54,2188.54,Gain,0,2188.54
2013-10-16,2193.07,2193.07,2193.07,2193.07,Gain,0,2193.07
2013-10-15,2233.41,2233.41,2233.41,2233.41,Gain,0,2233.41
2013-10-14,2237.77,2237.77,2237.77,2237.77,Gain,0,2237.77
2013-10-11,2228.15,2228.15,2228.15,2228.15,Gain,0,2228.15
2013-10-10,2190.93,2190.93,2190.93,2190.93,Gain,0,2190.93
2013-10-09,2211.77,2211.77,2211.77,2211.77,Gain,0,2211.77
2013-10-08,2198.2,2198.2,2198.2,2198.2,Gain,0,2198.2
2013-09-30,2174.67,2174.67,2174.67,2174.67,Gain,0,2174.67
2013-09-27,2160.03,2160.03,2160.03,2160.03,Gain,0,2160.03
2013-09-26,2155.81,2155.81,2155.81,2155.81,Gain,0,2155.81
2013-09-25,2198.51,2198.51,2198.51,2198.51,Gain,0,2198.51
2013-09-24,2207.53,2207.53,2207.53,2207.53,Gain,0,2207.53
2013-09-23,2221.04,2221.04,2221.04,2221.04,Gain,0,2221.04
2013-09-18,2191.85,2191.85,2191.85,2191.85,Gain,0,2191.85
2013-09-17,2185.56,2185.56,2185.56,2185.56,Gain,0,2185.56
2013-09-16,2231.4,2231.4,2231.4,2231.4,Gain,0,2231.4
2013-09-13,2236.22,2236.22,2236.22,2236.22,Gain,0,2236.22
2013-09-12,2255.6,2255.6,2255.6,2255.6,Gain,0,2255.6
2013-09-11,2241.27,2241.27,2241.27,2241.27,Gain,0,2241.27
2013-09-10,2237.98,2237.98,2237.98,2237.98,Gain,0,2237.98
2013-09-09,2212.52,2212.52,2212.52,2212.52,Gain,0,2212.52
2013-09-06,2139.99,2139.99,2139.99,2139.99,Gain,0,2139.99
2013-09-05,2122.43,2122.43,2122.43,2122.43,Gain,0,2122.43
2013-09-04,2127.62,2127.62,2127.62,2127.62,Gain,0,2127.62
2013-09-03,2123.11,2123.11,2123.11,2123.11,Gain,0,2123.11
2013-09-02,2098.45,2098.45,2098.45,2098.45,Gain,0,2098.45
2013-08-30,2098.38,2098.38,2098.38,2098.38,Gain,0,2098.38
2013-08-29,2097.23,2097.23,2097.23,2097.23,Gain,0,2097.23
2013-08-28,2101.3,2101.3,2101.3,2101.3,Gain,0,2101.3
2013-08-27,2103.57,2103.57,2103.57,2103.57,Gain,0,2103.57
2013-08-26,2096.47,2096.47,2096.47,2096.47,Gain,0,2096.47
2013-08-23,2057.46,2057.46,2057.46,2057.46,Gain,0,2057.46
2013-08-22,2067.12,2067.12,2067.12,2067.12,Gain,0,2067.12
2013-08-21,2072.96,2072.96,2072.96,2072.96,Gain,0,2072.96
2013-08-20,2072.59,2072.59,2072.59,2072.59,Gain,0,2072.59
2013-08-19,2085.6,2085.6,2085.6,2085.6,Gain,0,2085.6
2013-08-16,2068.45,2068.45,2068.45,2068.45,Gain,0,2068.45
2013-08-15,2081.88,2081.88,2081.88,2081.88,Gain,0,2081.88
2013-08-14,2100.14,2100.14,2100.14,2100.14,Gain,0,2100.14
2013-08-13,2106.16,2106.16,2106.16,2106.16,Gain,0,2106.16
2013-08-12,2101.28,2101.28,2101.28,2101.28,Gain,0,2101.28
2013-08-09,2052.24,2052.24,2052.24,2052.24,Gain,0,2052.24
2013-08-08,2044.9,2044.9,2044.9,2044.9,Gain,0,2044.9
2013-08-07,2046.78,2046.78,2046.78,2046.78,Gain,0,2046.78
2013-08-06,2060.5,2060.5,2060.5,2060.5,Gain,0,2060.5
2013-08-05,2050.48,2050.48,2050.48,2050.48,Gain,0,2050.48
2013-08-02,2029.42,2029.42,2029.42,2029.42,Gain,0,2029.42
2013-08-01,2029.07,2029.07,2029.07,2029.07,Gain,0,2029.07
2013-07-31,1993.8,1993.8,1993.8,1993.8,Gain,0,1993.8
2013-07-30,1990.06,1990.06,1990.06,1990.06,Gain,0,1990.06
2013-07-29,1976.31,1976.31,1976.31,1976.31,Gain,0,1976.31
2013-07-26,2010.85,2010.85,2010.85,2010.85,Gain,0,2010.85
2013-07-25,2021.17,2021.17,2021.17,2021.17,Gain,0,2021.17
2013-07-24,2033.33,2033.33,2033.33,2033.33,Gain,0,2033.33
2013-07-23,2043.88,2043.88,2043.88,2043.88,Gain,0,2043.88
2013-07-22,2004.76,2004.76,2004.76,2004.76,Gain,0,2004.76
2013-07-19,1992.65,1992.65,1992.65,1992.65,Gain,0,1992.65
2013-07-18,2023.4,2023.4,2023.4,2023.4,Gain,0,2023.4
2013-07-17,2044.92,2044.92,2044.92,2044.92,Gain,0,2044.92
2013-07-16,2065.72,2065.72,2065.72,2065.72,Gain,0,2065.72
2013-07-15,2059.39,2059.39,2059.39,2059.39,Gain,0,2059.39
2013-07-12,2039.49,2039.49,2039.49,2039.49,Gain,0,2039.49
2013-07-11,2072.99,2072.99,2072.99,2072.99,Gain,0,2072.99
2013-07-10,2008.13,2008.13,2008.13,2008.13,Gain,0,2008.13
2013-07-09,1965.45,1965.45,1965.45,1965.45,Gain,0,1965.45
2013-07-08,1958.27,1958.27,1958.27,1958.27,Gain,0,1958.27
2013-07-05,2007.2,2007.2,2007.2,2007.2,Gain,0,2007.2
2013-07-04,2006.1,2006.1,2006.1,2006.1,Gain,0,2006.1
2013-07-03,1994.27,1994.27,1994.27,1994.27,Gain,0,1994.27
2013-07-02,2006.56,2006.56,2006.56,2006.56,Gain,0,2006.56
2013-07-01,1995.24,1995.24,1995.24,1995.24,Gain,0,1995.24
2013-06-28,1979.21,1979.21,1979.21,1979.21,Gain,0,1979.21
2013-06-27,1950.01,1950.01,1950.01,1950.01,Gain,0,1950.01
2013-06-26,1951.49,1951.49,1951.49,1951.49,Gain,0,1951.49
2013-06-25,1959.51,1959.51,1959.51,1959.51,Gain,0,1959.51
2013-06-24,1963.23,1963.23,1963.23,1963.23,Gain,0,1963.23
2013-06-21,2073.09,2073.09,2073.09,2073.09,Gain,0,2073.09
2013-06-20,2084.02,2084.02,2084.02,2084.02,Gain,0,2084.02
2013-06-19,2143.45,2143.45,2143.45,2143.45,Gain,0,2143.45
2013-06-18,2159.29,2159.29,2159.29,2159.29,Gain,0,2159.29
2013-06-17,2156.22,2156.22,2156.22,2156.22,Gain,0,2156.22
2013-06-14,2162.04,2162.04,2162.04,2162.04,Gain,0,2162.04
2013-06-13,2148.35,2148.35,2148.35,2148.35,Gain,0,2148.35
2013-06-07,2210.9,2210.9,2210.9,2210.9,Gain,0,2210.9
2013-06-06,2242.11,2242.11,2242.11,2242.11,Gain,0,2242.11
2013-06-05,2270.93,2270.93,2270.93,2270.93,Gain,0,2270.93
2013-06-04,2272.42,2272.42,2272.42,2272.42,Gain,0,2272.42
2013-06-03,2299.25,2299.25,2299.25,2299.25,Gain,0,2299.25
2013-05-31,2300.59,2300.59,2300.59,2300.59,Gain,0,2300.59
2013-05-30,2317.75,2317.75,2317.75,2317.75,Gain,0,2317.75
2013-05-29,2324.02,2324.02,2324.02,2324.02,Gain,0,2324.02
2013-05-28,2321.32,2321.32,2321.32,2321.32,Gain,0,2321.32
2013-05-27,2293.08,2293.08,2293.08,2293.08,Gain,0,2293.08
2013-05-24,2288.53,2288.53,2288.53,2288.53,Gain,0,2288.53
2013-05-23,2275.67,2275.67,2275.67,2275.67,Gain,0,2275.67
2013-05-22,2302.4,2302.4,2302.4,2302.4,Gain,0,2302.4
2013-05-21,2305.11,2305.11,2305.11,2305.11,Gain,0,2305.11
2013-05-20,2299.99,2299.99,2299.99,2299.99,Gain,0,2299.99
2013-05-17,2282.87,2282.87,2282.87,2282.87,Gain,0,2282.87
2013-05-16,2251.81,2251.81,2251.81,2251.81,Gain,0,2251.81
2013-05-15,2224.8,2224.8,2224.8,2224.8,Gain,0,2224.8
2013-05-14,2217.01,2217.01,2217.01,2217.01,Gain,0,2217.01
2013-05-13,2241.92,2241.92,2241.92,2241.92,Gain,0,2241.92
2013-05-10,2246.83,2246.83,2246.83,2246.83,Gain,0,2246.83
2013-05-09,2232.97,2232.97,2232.97,2232.97,Gain,0,2232.97
2013-05-08,2246.3,2246.3,2246.3,2246.3,Gain,0,2246.3
2013-05-07,2235.57,2235.57,2235.57,2235.57,Gain,0,2235.57
2013-05-06,2231.17,2231.17,2231.17,2231.17,Gain,0,2231.17
2013-05-03,2205.5,2205.5,2205.5,2205.5,Gain,0,2205.5
2013-05-02,2174.12,2174.12,2174.12,2174.12,Gain,0,2174.12
2013-04-26,2177.91,2177.91,2177.91,2177.91,Gain,0,2177.91
2013-04-25,2199.31,2199.31,2199.31,2199.31,Gain,0,2199.31
2013-04-24,2218.32,2218.32,2218.32,2218.32,Gain,0,2218.32
2013-04-23,2184.54,2184.54,2184.54,2184.54,Gain,0,2184.54
2013-04-22,2242.17,2242.17,2242.17,2242.17,Gain,0,2242.17
2013-04-19,2244.64,2244.64,2244.64,2244.64,Gain,0,2244.64
2013-04-18,2197.6,2197.6,2197.6,2197.6,Gain,0,2197.6
2013-04-17,2193.8,2193.8,2193.8,2193.8,Gain,0,2193.8
2013-04-16,2194.85,2194.85,2194.85,2194.85,Gain,0,2194.85
2013-04-15,2181.94,2181.94,2181.94,2181.94,Gain,0,2181.94
2013-04-12,2206.78,2206.78,2206.78,2206.78,Gain,0,2206.78
2013-04-11,2219.55,2219.55,2219.55,2219.55,Gain,0,2219.55
2013-04-10,2226.13,2226.13,2226.13,2226.13,Gain,0,2226.13
2013-04-09,2225.77,2225.77,2225.77,2225.77,Gain,0,2225.77
2013-04-08,2211.59,2211.59,2211.59,2211.59,Gain,0,2211.59
2013-04-03,2225.29,2225.29,2225.29,2225.29,Gain,0,2225.29
2013-04-02,2227.74,2227.74,2227.74,2227.74,Gain,0,2227.74
2013-04-01,2234.4,2234.4,2234.4,2234.4,Gain,0,2234.4
2013-03-29,2236.62,2236.62,2236.62,2236.62,Gain,0,2236.62
2013-03-28,2236.3,2236.3,2236.3,2236.3,Gain,0,2236.3
2013-03-27,2301.26,2301.26,2301.26,2301.26,Gain,0,2301.26
2013-03-26,2297.67,2297.67,2297.67,2297.67,Gain,0,2297.67
2013-03-25,2326.72,2326.72,2326.72,2326.72,Gain,0,2326.72
2013-03-22,2328.28,2328.28,2328.28,2328.28,Gain,0,2328.28
2013-03-21,2324.24,2324.24,2324.24,2324.24,Gain,0,2324.24
2013-03-20,2317.37,2317.37,2317.37,2317.37,Gain,0,2317.37
2013-03-19,2257.43,2257.43,2257.43,2257.43,Gain,0,2257.43
2013-03-18,2240.02,2240.02,2240.02,2240.02,Gain,0,2240.02
2013-03-15,2278.4,2278.4,2278.4,2278.4,Gain,0,2278.4
2013-03-14,2270.28,2270.28,2270.28,2270.28,Gain,0,2270.28
2013-03-13,2263.97,2263.97,2263.97,2263.97,Gain,0,2263.97
2013-03-12,2286.6,2286.6,2286.6,2286.6,Gain,0,2286.6
2013-03-11,2310.59,2310.59,2310.59,2310.59,Gain,0,2310.59
2013-03-08,2318.61,2318.61,2318.61,2318.61,Gain,0,2318.61
2013-03-07,2324.29,2324.29,2324.29,2324.29,Gain,0,2324.29
2013-03-06,2347.18,2347.18,2347.18,2347.18,Gain,0,2347.18
2013-03-05,2326.31,2326.31,2326.31,2326.31,Gain,0,2326.31
2013-03-04,2273.4,2273.4,2273.4,2273.4,Gain,0,2273.4
2013-03-01,2359.51,2359.51,2359.51,2359.51,Gain,0,2359.51
2013-02-28,2365.59,2365.59,2365.59,2365.59,Gain,0,2365.59
2013-02-27,2313.22,2313.22,2313.22,2313.22,Gain,0,2313.22
2013-02-26,2293.34,2293.34,2293.34,2293.34,Gain,0,2293.34
2013-02-25,2325.82,2325.82,2325.82,2325.82,Gain,0,2325.82
2013-02-22,2314.16,2314.16,2314.16,2314.16,Gain,0,2314.16
2013-02-21,2325.95,2325.95,2325.95,2325.95,Gain,0,2325.95
2013-02-20,2397.18,2397.18,2397.18,2397.18,Gain,0,2397.18
2013-02-19,2382.91,2382.91,2382.91,2382.91,Gain,0,2382.91
2013-02-18,2421.56,2421.56,2421.56,2421.56,Gain,0,2421.56
2013-02-08,2432.4,2432.4,2432.4,2432.4,Gain,0,2432.4
2013-02-07,2418.53,2418.53,2418.53,2418.53,Gain,0,2418.53
2013-02-06,2434.48,2434.48,2434.48,2434.48,Gain,0,2434.48
2013-02-05,2433.13,2433.13,2433.13,2433.13,Gain,0,2433.13
2013-02-04,2428.15,2428.15,2428.15,2428.15,Gain,0,2428.15
2013-02-01,2419.02,2419.02,2419.02,2419.02,Gain,0,2419.02
2013-01-31,2385.42,2385.42,2385.42,2385.42,Gain,0,2385.42
2013-01-30,2382.48,2382.48,2382.48,2382.48,Gain,0,2382.48
2013-01-29,2358.98,2358.98,2358.98,2358.98,Gain,0,2358.98
2013-01-28,2346.5,2346.5,2346.5,2346.5,Gain,0,2346.5
2013-01-25,2291.3,2291.3,2291.3,2291.3,Gain,0,2291.3
2013-01-24,2302.6,2302.6,2302.6,2302.6,Gain,0,2302.6
2013-01-23,2320.91,2320.91,2320.91,2320.91,Gain,0,2320.91
2013-01-22,2315.14,2315.14,2315.14,2315.14,Gain,0,2315.14
2013-01-21,2328.22,2328.22,2328.22,2328.22,Gain,0,2328.22
2013-01-18,2317.07,2317.07,2317.07,2317.07,Gain,0,2317.07
2013-01-17,2284.91,2284.91,2284.91,2284.91,Gain,0,2284.91
2013-01-16,2309.5,2309.5,2309.5,2309.5,Gain,0,2309.5
2013-01-15,2325.68,2325.68,2325.68,2325.68,Gain,0,2325.68
2013-01-14,2311.74,2311.74,2311.74,2311.74,Gain,0,2311.74
2013-01-11,2243.0,2243.0,2243.0,2243.0,Gain,0,2243.0
2013-01-10,2283.66,2283.66,2283.66,2283.66,Gain,0,2283.66
2013-01-09,2275.34,2275.34,2275.34,2275.34,Gain,0,2275.34
2013-01-08,2276.07,2276.07,2276.07,2276.07,Gain,0,2276.07
2013-01-07,2285.36,2285.36,2285.36,2285.36,Gain,0,2285.36
2013-01-04,2276.99,2276.99,2276.99,2276.99,Gain,0,2276.99
2012-12-31,2269.13,2269.13,2269.13,2269.13,Gain,0,2269.13
2012-12-28,2233.25,2233.25,2233.25,2233.25,Gain,0,2233.25
2012-12-27,2205.9,2205.9,2205.9,2205.9,Gain,0,2205.9
2012-12-26,2219.13,2219.13,2219.13,2219.13,Gain,0,2219.13
2012-12-25,2213.61,2213.61,2213.61,2213.61,Gain,0,2213.61
2012-12-24,2159.05,2159.05,2159.05,2159.05,Gain,0,2159.05
2012-12-21,2153.31,2153.31,2153.31,2153.31,Gain,0,2153.31
2012-12-20,2168.35,2168.35,2168.35,2168.35,Gain,0,2168.35
2012-12-19,2162.24,2162.24,2162.24,2162.24,Gain,0,2162.24
2012-12-18,2162.46,2162.46,2162.46,2162.46,Gain,0,2162.46
2012-12-17,2160.34,2160.34,2160.34,2160.34,Gain,0,2160.34
2012-12-14,2150.62,2150.62,2150.62,2150.62,Gain,0,2150.62
2012-12-13,2061.48,2061.48,2061.48,2061.48,Gain,0,2061.48
2012-12-12,2082.73,2082.73,2082.73,2082.73,Gain,0,2082.73
2012-12-11,2074.7,2074.7,2074.7,2074.7,Gain,0,2074.7
2012-12-10,2083.77,2083.77,2083.77,2083.77,Gain,0,2083.77
2012-12-07,2061.79,2061.79,2061.79,2061.79,Gain,0,2061.79
2012-12-06,2029.24,2029.24,2029.24,2029.24,Gain,0,2029.24
2012-12-05,2031.91,2031.91,2031.91,2031.91,Gain,0,2031.91
2012-12-04,1975.14,1975.14,1975.14,1975.14,Gain,0,1975.14
2012-12-03,1959.77,1959.77,1959.77,1959.77,Gain,0,1959.77
2012-11-30,1980.12,1980.12,1980.12,1980.12,Gain,0,1980.12
2012-11-29,1963.49,1963.49,1963.49,1963.49,Gain,0,1963.49
2012-11-28,1973.52,1973.52,1973.52,1973.52,Gain,0,1973.52
2012-11-27,1991.17,1991.17,1991.17,1991.17,Gain,0,1991.17
2012-11-26,2017.46,2017.46,2017.46,2017.46,Gain,0,2017.46
2012-11-23,2027.38,2027.38,2027.38,2027.38,Gain,0,2027.38
2012-11-22,2015.61,2015.61,2015.61,2015.61,Gain,0,2015.61
2012-11-21,2030.32,2030.32,2030.32,2030.32,Gain,0,2030.32
2012-11-20,2008.92,2008.92,2008.92,2008.92,Gain,0,2008.92
2012-11-19,2016.98,2016.98,2016.98,2016.98,Gain,0,2016.98
2012-11-16,2014.72,2014.72,2014.72,2014.72,Gain,0,2014.72
2012-11-15,2030.29,2030.29,2030.29,2030.29,Gain,0,2030.29
2012-11-14,2055.42,2055.42,2055.42,2055.42,Gain,0,2055.42
2012-11-13,2047.89,2047.89,2047.89,2047.89,Gain,0,2047.89
2012-11-12,2079.27,2079.27,2079.27,2079.27,Gain,0,2079.27
2012-11-09,2069.07,2069.07,2069.07,2069.07,Gain,0,2069.07
2012-11-08,2071.51,2071.51,2071.51,2071.51,Gain,0,2071.51
2012-11-07,2105.73,2105.73,2105.73,2105.73,Gain,0,2105.73
2012-11-06,2106.0,2106.0,2106.0,2106.0,Gain,0,2106.0
2012-11-05,2114.03,2114.03,2114.03,2114.03,Gain,0,2114.03
2012-11-02,2117.05,2117.05,2117.05,2117.05,Gain,0,2117.05
2012-11-01,2104.43,2104.43,2104.43,2104.43,Gain,0,2104.43
2012-10-31,2068.88,2068.88,2068.88,2068.88,Gain,0,2068.88
2012-10-30,2062.35,2062.35,2062.35,2062.35,Gain,0,2062.35
2012-10-29,2058.94,2058.94,2058.94,2058.94,Gain,0,2058.94
2012-10-26,2066.21,2066.21,2066.21,2066.21,Gain,0,2066.21
2012-10-25,2101.58,2101.58,2101.58,2101.58,Gain,0,2101.58
2012-10-24,2115.99,2115.99,2115.99,2115.99,Gain,0,2115.99
2012-10-23,2114.45,2114.45,2114.45,2114.45,Gain,0,2114.45
2012-10-22,2132.76,2132.76,2132.76,2132.76,Gain,0,2132.76
2012-10-19,2128.3,2128.3,2128.3,2128.3,Gain,0,2128.3
2012-10-18,2131.69,2131.69,2131.69,2131.69,Gain,0,2131.69
2012-10-17,2105.62,2105.62,2105.62,2105.62,Gain,0,2105.62
2012-10-16,2098.81,2098.81,2098.81,2098.81,Gain,0,2098.81
2012-10-15,2098.7,2098.7,2098.7,2098.7,Gain,0,2098.7
2012-10-12,2104.93,2104.93,2104.93,2104.93,Gain,0,2104.93
2012-10-11,2102.87,2102.87,2102.87,2102.87,Gain,0,2102.87
2012-10-10,2119.94,2119.94,2119.94,2119.94,Gain,0,2119.94
2012-10-09,2115.23,2115.23,2115.23,2115.23,Gain,0,2115.23
2012-10-08,2074.42,2074.42,2074.42,2074.42,Gain,0,2074.42
2012-09-28,2086.17,2086.17,2086.17,2086.17,Gain,0,2086.17
2012-09-27,2056.32,2056.32,2056.32,2056.32,Gain,0,2056.32
2012-09-26,2004.17,2004.17,2004.17,2004.17,Gain,0,2004.17
2012-09-25,2029.29,2029.29,2029.29,2029.29,Gain,0,2029.29
2012-09-24,2033.19,2033.19,2033.19,2033.19,Gain,0,2033.19
2012-09-21,2026.69,2026.69,2026.69,2026.69,Gain,0,2026.69
2012-09-20,2024.84,2024.84,2024.84,2024.84,Gain,0,2024.84
2012-09-19,2067.83,2067.83,2067.83,2067.83,Gain,0,2067.83
2012-09-18,2059.54,2059.54,2059.54,2059.54,Gain,0,2059.54
2012-09-17,2078.5,2078.5,2078.5,2078.5,Gain,0,2078.5
2012-09-14,2123.85,2123.85,2123.85,2123.85,Gain,0,2123.85
2012-09-13,2110.38,2110.38,2110.38,2110.38,Gain,0,2110.38
2012-09-12,2126.55,2126.55,2126.55,2126.55,Gain,0,2126.55
2012-09-11,2120.55,2120.55,2120.55,2120.55,Gain,0,2120.55
2012-09-10,2134.89,2134.89,2134.89,2134.89,Gain,0,2134.89
2012-09-07,2127.76,2127.76,2127.76,2127.76,Gain,0,2127.76
2012-09-06,2051.92,2051.92,2051.92,2051.92,Gain,0,2051.92
2012-09-05,2037.68,2037.68,2037.68,2037.68,Gain,0,2037.68
2012-09-04,2043.65,2043.65,2043.65,2043.65,Gain,0,2043.65
2012-09-03,2059.15,2059.15,2059.15,2059.15,Gain,0,2059.15
2012-08-31,2047.52,2047.52,2047.52,2047.52,Gain,0,2047.52
2012-08-30,2052.58,2052.58,2052.58,2052.58,Gain,0,2052.58
2012-08-29,2053.24,2053.24,2053.24,2053.24,Gain,0,2053.24
2012-08-28,2073.15,2073.15,2073.15,2073.15,Gain,0,2073.15
2012-08-27,2055.71,2055.71,2055.71,2055.71,Gain,0,2055.71
2012-08-24,2092.1,2092.1,2092.1,2092.1,Gain,0,2092.1
2012-08-23,2113.07,2113.07,2113.07,2113.07,Gain,0,2113.07
2012-08-22,2107.71,2107.71,2107.71,2107.71,Gain,0,2107.71
2012-08-21,2118.27,2118.27,2118.27,2118.27,Gain,0,2118.27
2012-08-20,2106.96,2106.96,2106.96,2106.96,Gain,0,2106.96
2012-08-17,2114.89,2114.89,2114.89,2114.89,Gain,0,2114.89
2012-08-16,2112.2,2112.2,2112.2,2112.2,Gain,0,2112.2
2012-08-15,2118.95,2118.95,2118.95,2118.95,Gain,0,2118.95
2012-08-14,2142.52,2142.52,2142.52,2142.52,Gain,0,2142.52
2012-08-13,2136.08,2136.08,2136.08,2136.08,Gain,0,2136.08
2012-08-10,2168.81,2168.81,2168.81,2168.81,Gain,0,2168.81
2012-08-09,2174.1,2174.1,2174.1,2174.1,Gain,0,2174.1
2012-08-08,2160.99,2160.99,2160.99,2160.99,Gain,0,2160.99
2012-08-07,2157.62,2157.62,2157.62,2157.62,Gain,0,2157.62
2012-08-06,2154.92,2154.92,2154.92,2154.92,Gain,0,2154.92
2012-08-03,2132.8,2132.8,2132.8,2132.8,Gain,0,2132.8
2012-08-02,2111.18,2111.18,2111.18,2111.18,Gain,0,2111.18
2012-08-01,2123.36,2123.36,2123.36,2123.36,Gain,0,2123.36
2012-07-31,2103.63,2103.63,2103.63,2103.63,Gain,0,2103.63
2012-07-30,2109.91,2109.91,2109.91,2109.91,Gain,0,2109.91
2012-07-27,2128.76,2128.76,2128.76,2128.76,Gain,0,2128.76
2012-07-26,2126.0,2126.0,2126.0,2126.0,Gain,0,2126.0
2012-07-25,2136.15,2136.15,2136.15,2136.15,Gain,0,2136.15
2012-07-24,2146.59,2146.59,2146.59,2146.59,Gain,0,2146.59
2012-07-23,2141.4,2141.4,2141.4,2141.4,Gain,0,2141.4
2012-07-20,2168.64,2168.64,2168.64,2168.64,Gain,0,2168.64
2012-07-19,2184.84,2184.84,2184.84,2184.84,Gain,0,2184.84
2012-07-18,2169.1,2169.1,2169.1,2169.1,Gain,0,2169.1
2012-07-17,2161.19,2161.19,2161.19,2161.19,Gain,0,2161.19
2012-07-16,2147.96,2147.96,2147.96,2147.96,Gain,0,2147.96
2012-07-13,2185.9,2185.9,2185.9,2185.9,Gain,0,2185.9
2012-07-12,2185.49,2185.49,2185.49,2185.49,Gain,0,2185.49
2012-07-11,2175.38,2175.38,2175.38,2175.38,Gain,0,2175.38
2012-07-10,2164.44,2164.44,2164.44,2164.44,Gain,0,2164.44
2012-07-09,2170.81,2170.81,2170.81,2170.81,Gain,0,2170.81
2012-07-06,2223.58,2223.58,2223.58,2223.58,Gain,0,2223.58
2012-07-05,2201.35,2201.35,2201.35,2201.35,Gain,0,2201.35
2012-07-04,2227.31,2227.31,2227.31,2227.31,Gain,0,2227.31
2012-07-03,2229.19,2229.19,2229.19,2229.19,Gain,0,2229.19
2012-07-02,2226.11,2226.11,2226.11,2226.11,Gain,0,2226.11
2012-06-29,2225.43,2225.43,2225.43,2225.43,Gain,0,2225.43
2012-06-28,2195.84,2195.84,2195.84,2195.84,Gain,0,2195.84
2012-06-27,2216.93,2216.93,2216.93,2216.93,Gain,0,2216.93
2012-06-26,2222.07,2222.07,2222.07,2222.07,Gain,0,2222.07
2012-06-25,2224.11,2224.11,2224.11,2224.11,Gain,0,2224.11
2012-06-21,2260.88,2260.88,2260.88,2260.88,Gain,0,2260.88
2012-06-20,2292.88,2292.88,2292.88,2292.88,Gain,0,2292.88
2012-06-19,2300.79,2300.79,2300.79,2300.79,Gain,0,2300.79
2012-06-18,2316.05,2316.05,2316.05,2316.05,Gain,0,2316.05
2012-06-15,2306.85,2306.85,2306.85,2306.85,Gain,0,2306.85
2012-06-14,2295.95,2295.95,2295.95,2295.95,Gain,0,2295.95
2012-06-13,2318.92,2318.92,2318.92,2318.92,Gain,0,2318.92
2012-06-12,2289.79,2289.79,2289.79,2289.79,Gain,0,2289.79
2012-06-11,2305.86,2305.86,2305.86,2305.86,Gain,0,2305.86
2012-06-08,2281.45,2281.45,2281.45,2281.45,Gain,0,2281.45
2012-06-07,2293.13,2293.13,2293.13,2293.13,Gain,0,2293.13
2012-06-06,2309.55,2309.55,2309.55,2309.55,Gain,0,2309.55
2012-06-05,2311.92,2311.92,2311.92,2311.92,Gain,0,2311.92
2012-06-04,2308.55,2308.55,2308.55,2308.55,Gain,0,2308.55
2012-06-01,2373.44,2373.44,2373.44,2373.44,Gain,0,2373.44
2012-05-31,2372.23,2372.23,2372.23,2372.23,Gain,0,2372.23
2012-05-30,2384.67,2384.67,2384.67,2384.67,Gain,0,2384.67
2012-05-29,2389.64,2389.64,2389.64,2389.64,Gain,0,2389.64
2012-05-28,2361.37,2361.37,2361.37,2361.37,Gain,0,2361.37
2012-05-25,2333.55,2333.55,2333.55,2333.55,Gain,0,2333.55
2012-05-24,2350.97,2350.97,2350.97,2350.97,Gain,0,2350.97
2012-05-23,2363.44,2363.44,2363.44,2363.44,Gain,0,2363.44
2012-05-22,2373.31,2373.31,2373.31,2373.31,Gain,0,2373.31
2012-05-21,2348.3,2348.3,2348.3,2348.3,Gain,0,2348.3
2012-05-18,2344.52,2344.52,2344.52,2344.52,Gain,0,2344.52
2012-05-17,2378.89,2378.89,2378.89,2378.89,Gain,0,2378.89
2012-05-16,2346.19,2346.19,2346.19,2346.19,Gain,0,2346.19
2012-05-15,2374.84,2374.84,2374.84,2374.84,Gain,0,2374.84
2012-05-14,2380.73,2380.73,2380.73,2380.73,Gain,0,2380.73
2012-05-11,2394.98,2394.98,2394.98,2394.98,Gain,0,2394.98
2012-05-10,2410.23,2410.23,2410.23,2410.23,Gain,0,2410.23
2012-05-09,2408.59,2408.59,2408.59,2408.59,Gain,0,2408.59
2012-05-08,2448.88,2448.88,2448.88,2448.88,Gain,0,2448.88
2012-05-07,2451.95,2451.95,2451.95,2451.95,Gain,0,2451.95
2012-05-04,2452.01,2452.01,2452.01,2452.01,Gain,0,2452.01
2012-05-03,2440.08,2440.08,2440.08,2440.08,Gain,0,2440.08
2012-05-02,2438.44,2438.44,2438.44,2438.44,Gain,0,2438.44
2012-04-27,2396.32,2396.32,2396.32,2396.32,Gain,0,2396.32
2012-04-26,2404.7,2404.7,2404.7,2404.7,Gain,0,2404.7
2012-04-25,2406.81,2406.81,2406.81,2406.81,Gain,0,2406.81
2012-04-24,2388.83,2388.83,2388.83,2388.83,Gain,0,2388.83
2012-04-23,2388.59,2388.59,2388.59,2388.59,Gain,0,2388.59
2012-04-20,2406.86,2406.86,2406.86,2406.86,Gain,0,2406.86
2012-04-19,2378.63,2378.63,2378.63,2378.63,Gain,0,2378.63
2012-04-18,2380.85,2380.85,2380.85,2380.85,Gain,0,2380.85
2012-04-17,2334.99,2334.99,2334.99,2334.99,Gain,0,2334.99
2012-04-16,2357.03,2357.03,2357.03,2357.03,Gain,0,2357.03
2012-04-13,2359.16,2359.16,2359.16,2359.16,Gain,0,2359.16
2012-04-12,2350.86,2350.86,2350.86,2350.86,Gain,0,2350.86
2012-04-11,2308.93,2308.93,2308.93,2308.93,Gain,0,2308.93
2012-04-10,2305.86,2305.86,2305.86,2305.86,Gain,0,2305.86
2012-04-09,2285.78,2285.78,2285.78,2285.78,Gain,0,2285.78
2012-04-06,2306.55,2306.55,2306.55,2306.55,Gain,0,2306.55
2012-04-05,2302.24,2302.24,2302.24,2302.24,Gain,0,2302.24
2012-03-30,2262.79,2262.79,2262.79,2262.79,Gain,0,2262.79
2012-03-29,2252.16,2252.16,2252.16,2252.16,Gain,0,2252.16
2012-03-28,2284.88,2284.88,2284.88,2284.88,Gain,0,2284.88
2012-03-27,2347.18,2347.18,2347.18,2347.18,Gain,0,2347.18
2012-03-26,2350.6,2350.6,2350.6,2350.6,Gain,0,2350.6
2012-03-23,2349.54,2349.54,2349.54,2349.54,Gain,0,2349.54
2012-03-22,2375.77,2375.77,2375.77,2375.77,Gain,0,2375.77
2012-03-21,2378.2,2378.2,2378.2,2378.2,Gain,0,2378.2
2012-03-20,2376.84,2376.84,2376.84,2376.84,Gain,0,2376.84
2012-03-19,2410.18,2410.18,2410.18,2410.18,Gain,0,2410.18
2012-03-16,2404.74,2404.74,2404.74,2404.74,Gain,0,2404.74
2012-03-15,2373.77,2373.77,2373.77,2373.77,Gain,0,2373.77
2012-03-14,2391.23,2391.23,2391.23,2391.23,Gain,0,2391.23
2012-03-13,2455.79,2455.79,2455.79,2455.79,Gain,0,2455.79
2012-03-12,2434.86,2434.86,2434.86,2434.86,Gain,0,2434.86
2012-03-09,2439.46,2439.46,2439.46,2439.46,Gain,0,2439.46
2012-03-08,2420.28,2420.28,2420.28,2420.28,Gain,0,2420.28
2012-03-07,2394.79,2394.79,2394.79,2394.79,Gain,0,2394.79
2012-03-06,2410.45,2410.45,2410.45,2410.45,Gain,0,2410.45
2012-03-05,2445.0,2445.0,2445.0,2445.0,Gain,0,2445.0
2012-03-02,2460.69,2460.69,2460.69,2460.69,Gain,0,2460.69
2012-03-01,2426.11,2426.11,2426.11,2426.11,Gain,0,2426.11
2012-02-29,2428.49,2428.49,2428.49,2428.49,Gain,0,2428.49
2012-02-28,2451.86,2451.86,2451.86,2451.86,Gain,0,2451.86
2012-02-27,2447.06,2447.06,2447.06,2447.06,Gain,0,2447.06
2012-02-24,2439.63,2439.63,2439.63,2439.63,Gain,0,2439.63
2012-02-23,2409.55,2409.55,2409.55,2409.55,Gain,0,2409.55
2012-02-22,2403.59,2403.59,2403.59,2403.59,Gain,0,2403.59
2012-02-21,2381.43,2381.43,2381.43,2381.43,Gain,0,2381.43
2012-02-20,2363.6,2363.6,2363.6,2363.6,Gain,0,2363.6
2012-02-17,2357.18,2357.18,2357.18,2357.18,Gain,0,2357.18
2012-02-16,2356.86,2356.86,2356.86,2356.86,Gain,0,2356.86
2012-02-15,2366.7,2366.7,2366.7,2366.7,Gain,0,2366.7
2012-02-14,2344.77,2344.77,2344.77,2344.77,Gain,0,2344.77
2012-02-13,2351.85,2351.85,2351.85,2351.85,Gain,0,2351.85
2012-02-10,2351.98,2351.98,2351.98,2351.98,Gain,0,2351.98
2012-02-09,2349.59,2349.59,2349.59,2349.59,Gain,0,2349.59
2012-02-08,2347.53,2347.53,2347.53,2347.53,Gain,0,2347.53
2012-02-07,2291.9,2291.9,2291.9,2291.9,Gain,0,2291.9
2012-02-06,2331.14,2331.14,2331.14,2331.14,Gain,0,2331.14
2012-02-03,2330.41,2330.41,2330.41,2330.41,Gain,0,2330.41
2012-02-02,2312.56,2312.56,2312.56,2312.56,Gain,0,2312.56
2012-02-01,2268.08,2268.08,2268.08,2268.08,Gain,0,2268.08
2012-01-31,2292.61,2292.61,2292.61,2292.61,Gain,0,2292.61
2012-01-30,2285.04,2285.04,2285.04,2285.04,Gain,0,2285.04
2012-01-20,2319.12,2319.12,2319.12,2319.12,Gain,0,2319.12
2012-01-19,2296.07,2296.07,2296.07,2296.07,Gain,0,2296.07
2012-01-18,2266.38,2266.38,2266.38,2266.38,Gain,0,2266.38
2012-01-17,2298.38,2298.38,2298.38,2298.38,Gain,0,2298.38
2012-01-16,2206.19,2206.19,2206.19,2206.19,Gain,0,2206.19
2012-01-13,2244.58,2244.58,2244.58,2244.58,Gain,0,2244.58
2012-01-12,2275.01,2275.01,2275.01,2275.01,Gain,0,2275.01
2012-01-11,2276.05,2276.05,2276.05,2276.05,Gain,0,2276.05
2012-01-10,2285.74,2285.74,2285.74,2285.74,Gain,0,2285.74
2012-01-09,2225.89,2225.89,2225.89,2225.89,Gain,0,2225.89
2012-01-06,2163.4,2163.4,2163.4,2163.4,Gain,0,2163.4
2012-01-05,2148.45,2148.45,2148.45,2148.45,Gain,0,2148.45
2012-01-04,2169.39,2169.39,2169.39,2169.39,Gain,0,2169.39
2011-12-30,2199.42,2199.42,2199.42,2199.42,Gain,0,2199.42
2011-12-29,2173.56,2173.56,2173.56,2173.56,Gain,0,2173.56
2011-12-28,2170.01,2170.01,2170.01,2170.01,Gain,0,2170.01
2011-12-27,2166.21,2166.21,2166.21,2166.21,Gain,0,2166.21
2011-12-26,2190.11,2190.11,2190.11,2190.11,Gain,0,2190.11
2011-12-23,2204.78,2204.78,2204.78,2204.78,Gain,0,2204.78
2011-12-22,2186.3,2186.3,2186.3,2186.3,Gain,0,2186.3
2011-12-21,2191.15,2191.15,2191.15,2191.15,Gain,0,2191.15
2011-12-20,2215.93,2215.93,2215.93,2215.93,Gain,0,2215.93
2011-12-19,2218.24,2218.24,2218.24,2218.24,Gain,0,2218.24
2011-12-16,2224.84,2224.84,2224.84,2224.84,Gain,0,2224.84
2011-12-15,2180.9,2180.9,2180.9,2180.9,Gain,0,2180.9
2011-12-14,2228.52,2228.52,2228.52,2228.52,Gain,0,2228.52
2011-12-13,2248.59,2248.59,2248.59,2248.59,Gain,0,2248.59
2011-12-12,2291.54,2291.54,2291.54,2291.54,Gain,0,2291.54
2011-12-09,2315.27,2315.27,2315.27,2315.27,Gain,0,2315.27
2011-12-08,2329.82,2329.82,2329.82,2329.82,Gain,0,2329.82
2011-12-07,2332.73,2332.73,2332.73,2332.73,Gain,0,2332.73
2011-12-06,2325.91,2325.91,2325.91,2325.91,Gain,0,2325.91
2011-12-05,2333.23,2333.23,2333.23,2333.23,Gain,0,2333.23
2011-12-02,2360.66,2360.66,2360.66,2360.66,Gain,0,2360.66
2011-12-01,2386.86,2386.86,2386.86,2386.86,Gain,0,2386.86
2011-11-30,2333.41,2333.41,2333.41,2333.41,Gain,0,2333.41
2011-11-29,2412.39,2412.39,2412.39,2412.39,Gain,0,2412.39
2011-11-28,2383.03,2383.03,2383.03,2383.03,Gain,0,2383.03
2011-11-25,2380.22,2380.22,2380.22,2380.22,Gain,0,2380.22
2011-11-24,2397.55,2397.55,2397.55,2397.55,Gain,0,2397.55
2011-11-23,2395.06,2395.06,2395.06,2395.06,Gain,0,2395.06
2011-11-22,2412.62,2412.62,2412.62,2412.62,Gain,0,2412.62
2011-11-21,2415.13,2415.13,2415.13,2415.13,Gain,0,2415.13
2011-11-18,2416.56,2416.56,2416.56,2416.56,Gain,0,2416.56
2011-11-17,2463.05,2463.05,2463.05,2463.05,Gain,0,2463.05
2011-11-16,2466.96,2466.96,2466.96,2466.96,Gain,0,2466.96
2011-11-15,2529.76,2529.76,2529.76,2529.76,Gain,0,2529.76
2011-11-14,2528.71,2528.71,2528.71,2528.71,Gain,0,2528.71
2011-11-11,2481.08,2481.08,2481.08,2481.08,Gain,0,2481.08
2011-11-10,2479.54,2479.54,2479.54,2479.54,Gain,0,2479.54
2011-11-09,2524.92,2524.92,2524.92,2524.92,Gain,0,2524.92
2011-11-08,2503.84,2503.84,2503.84,2503.84,Gain,0,2503.84
2011-11-07,2509.8,2509.8,2509.8,2509.8,Gain,0,2509.8
2011-11-04,2528.29,2528.29,2528.29,2528.29,Gain,0,2528.29
2011-11-03,2508.09,2508.09,2508.09,2508.09,Gain,0,2508.09
2011-11-02,2504.11,2504.11,2504.11,2504.11,Gain,0,2504.11
2011-11-01,2470.02,2470.02,2470.02,2470.02,Gain,0,2470.02
2011-10-31,2468.25,2468.25,2468.25,2468.25,Gain,0,2468.25
2011-10-28,2473.41,2473.41,2473.41,2473.41,Gain,0,2473.41
2011-10-27,2435.61,2435.61,2435.61,2435.61,Gain,0,2435.61
2011-10-26,2427.48,2427.48,2427.48,2427.48,Gain,0,2427.48
2011-10-25,2409.67,2409.67,2409.67,2409.67,Gain,0,2409.67
2011-10-24,2370.33,2370.33,2370.33,2370.33,Gain,0,2370.33
2011-10-21,2317.27,2317.27,2317.27,2317.27,Gain,0,2317.27
2011-10-20,2331.37,2331.37,2331.37,2331.37,Gain,0,2331.37
2011-10-19,2377.51,2377.51,2377.51,2377.51,Gain,0,2377.51
2011-10-18,2383.49,2383.49,2383.49,2383.49,Gain,0,2383.49
2011-10-17,2440.4,2440.4,2440.4,2440.4,Gain,0,2440.4
2011-10-14,2431.38,2431.38,2431.38,2431.38,Gain,0,2431.38
2011-10-13,2438.79,2438.79,2438.79,2438.79,Gain,0,2438.79
2011-10-12,2420.0,2420.0,2420.0,2420.0,Gain,0,2420.0
2011-10-11,2348.52,2348.52,2348.52,2348.52,Gain,0,2348.52
2011-10-10,2344.79,2344.79,2344.79,2344.79,Gain,0,2344.79
2011-09-30,2359.22,2359.22,2359.22,2359.22,Gain,0,2359.22
2011-09-29,2365.34,2365.34,2365.34,2365.34,Gain,0,2365.34
2011-09-28,2392.06,2392.06,2392.06,2392.06,Gain,0,2392.06
2011-09-27,2415.05,2415.05,2415.05,2415.05,Gain,0,2415.05
2011-09-26,2393.18,2393.18,2393.18,2393.18,Gain,0,2393.18
2011-09-23,2433.16,2433.16,2433.16,2433.16,Gain,0,2433.16
2011-09-22,2443.06,2443.06,2443.06,2443.06,Gain,0,2443.06
2011-09-21,2512.96,2512.96,2512.96,2512.96,Gain,0,2512.96
2011-09-20,2447.75,2447.75,2447.75,2447.75,Gain,0,2447.75
2011-09-19,2437.79,2437.79,2437.79,2437.79,Gain,0,2437.79
2011-09-16,2482.34,2482.34,2482.34,2482.34,Gain,0,2482.34
2011-09-15,2479.05,2479.05,2479.05,2479.05,Gain,0,2479.05
2011-09-14,2484.83,2484.83,2484.83,2484.83,Gain,0,2484.83
2011-09-13,2471.3,2471.3,2471.3,2471.3,Gain,0,2471.3
2011-09-09,2497.75,2497.75,2497.75,2497.75,Gain,0,2497.75
2011-09-08,2498.94,2498.94,2498.94,2498.94,Gain,0,2498.94
2011-09-07,2516.09,2516.09,2516.09,2516.09,Gain,0,2516.09
2011-09-06,2470.52,2470.52,2470.52,2470.52,Gain,0,2470.52
2011-09-05,2478.74,2478.74,2478.74,2478.74,Gain,0,2478.74
2011-09-02,2528.28,2528.28,2528.28,2528.28,Gain,0,2528.28
2011-09-01,2556.04,2556.04,2556.04,2556.04,Gain,0,2556.04
2011-08-31,2567.34,2567.34,2567.34,2567.34,Gain,0,2567.34
2011-08-30,2566.59,2566.59,2566.59,2566.59,Gain,0,2566.59
2011-08-29,2576.41,2576.41,2576.41,2576.41,Gain,0,2576.41
2011-08-26,2612.19,2612.19,2612.19,2612.19,Gain,0,2612.19
2011-08-25,2615.26,2615.26,2615.26,2615.26,Gain,0,2615.26
2011-08-24,2541.09,2541.09,2541.09,2541.09,Gain,0,2541.09
2011-08-23,2554.02,2554.02,2554.02,2554.02,Gain,0,2554.02
2011-08-22,2515.86,2515.86,2515.86,2515.86,Gain,0,2515.86
2011-08-19,2534.36,2534.36,2534.36,2534.36,Gain,0,2534.36
2011-08-18,2559.47,2559.47,2559.47,2559.47,Gain,0,2559.47
2011-08-17,2601.26,2601.26,2601.26,2601.26,Gain,0,2601.26
2011-08-16,2608.17,2608.17,2608.17,2608.17,Gain,0,2608.17
2011-08-15,2626.77,2626.77,2626.77,2626.77,Gain,0,2626.77
2011-08-12,2593.17,2593.17,2593.17,2593.17,Gain,0,2593.17
2011-08-11,2581.51,2581.51,2581.51,2581.51,Gain,0,2581.51
2011-08-10,2549.18,2549.18,2549.18,2549.18,Gain,0,2549.18
2011-08-09,2526.07,2526.07,2526.07,2526.07,Gain,0,2526.07
2011-08-08,2526.82,2526.82,2526.82,2526.82,Gain,0,2526.82
2011-08-05,2626.42,2626.42,2626.42,2626.42,Gain,0,2626.42
2011-08-04,2684.04,2684.04,2684.04,2684.04,Gain,0,2684.04
2011-08-03,2678.49,2678.49,2678.49,2678.49,Gain,0,2678.49
2011-08-02,2679.26,2679.26,2679.26,2679.26,Gain,0,2679.26
2011-08-01,2703.78,2703.78,2703.78,2703.78,Gain,0,2703.78
2011-07-29,2701.73,2701.73,2701.73,2701.73,Gain,0,2701.73
2011-07-28,2708.78,2708.78,2708.78,2708.78,Gain,0,2708.78
2011-07-27,2723.49,2723.49,2723.49,2723.49,Gain,0,2723.49
2011-07-26,2703.03,2703.03,2703.03,2703.03,Gain,0,2703.03
2011-07-25,2688.75,2688.75,2688.75,2688.75,Gain,0,2688.75
2011-07-22,2770.79,2770.79,2770.79,2770.79,Gain,0,2770.79
2011-07-21,2765.89,2765.89,2765.89,2765.89,Gain,0,2765.89
2011-07-20,2794.21,2794.21,2794.21,2794.21,Gain,0,2794.21
2011-07-19,2796.98,2796.98,2796.98,2796.98,Gain,0,2796.98
2011-07-18,2816.69,2816.69,2816.69,2816.69,Gain,0,2816.69
2011-07-15,2820.17,2820.17,2820.17,2820.17,Gain,0,2820.17
2011-07-14,2810.44,2810.44,2810.44,2810.44,Gain,0,2810.44
2011-07-13,2795.48,2795.48,2795.48,2795.48,Gain,0,2795.48
2011-07-12,2754.58,2754.58,2754.58,2754.58,Gain,0,2754.58
2011-07-11,2802.69,2802.69,2802.69,2802.69,Gain,0,2802.69
2011-07-08,2797.77,2797.77,2797.77,2797.77,Gain,0,2797.77
2011-07-07,2794.27,2794.27,2794.27,2794.27,Gain,0,2794.27
2011-07-06,2810.48,2810.48,2810.48,2810.48,Gain,0,2810.48
2011-07-05,2816.35,2816.35,2816.35,2816.35,Gain,0,2816.35
2011-07-04,2812.82,2812.82,2812.82,2812.82,Gain,0,2812.82
2011-07-01,2759.36,2759.36,2759.36,2759.36,Gain,0,2759.36
2011-06-30,2762.08,2762.08,2762.08,2762.08,Gain,0,2762.08
2011-06-29,2728.48,2728.48,2728.48,2728.48,Gain,0,2728.48
2011-06-28,2759.2,2759.2,2759.2,2759.2,Gain,0,2759.2
2011-06-27,2758.23,2758.23,2758.23,2758.23,Gain,0,2758.23
2011-06-24,2746.21,2746.21,2746.21,2746.21,Gain,0,2746.21
2011-06-23,2688.25,2688.25,2688.25,2688.25,Gain,0,2688.25
2011-06-22,2649.32,2649.32,2649.32,2649.32,Gain,0,2649.32
2011-06-21,2646.48,2646.48,2646.48,2646.48,Gain,0,2646.48
2011-06-20,2621.25,2621.25,2621.25,2621.25,Gain,0,2621.25
2011-06-17,2642.82,2642.82,2642.82,2642.82,Gain,0,2642.82
2011-06-16,2664.28,2664.28,2664.28,2664.28,Gain,0,2664.28
2011-06-15,2705.43,2705.43,2705.43,2705.43,Gain,0,2705.43
2011-06-14,2730.04,2730.04,2730.04,2730.04,Gain,0,2730.04
2011-06-13,2700.38,2700.38,2700.38,2700.38,Gain,0,2700.38
2011-06-10,2705.14,2705.14,2705.14,2705.14,Gain,0,2705.14
2011-06-09,2703.34,2703.34,2703.34,2703.34,Gain,0,2703.34
2011-06-08,2750.29,2750.29,2750.29,2750.29,Gain,0,2750.29
2011-06-07,2744.3,2744.3,2744.3,2744.3,Gain,0,2744.3
2011-06-03,2728.02,2728.02,2728.02,2728.02,Gain,0,2728.02
2011-06-02,2705.18,2705.18,2705.18,2705.18,Gain,0,2705.18
2011-06-01,2743.57,2743.57,2743.57,2743.57,Gain,0,2743.57
2011-05-31,2743.47,2743.47,2743.47,2743.47,Gain,0,2743.47
2011-05-30,2706.36,2706.36,2706.36,2706.36,Gain,0,2706.36
2011-05-27,2709.95,2709.95,2709.95,2709.95,Gain,0,2709.95
2011-05-26,2736.53,2736.53,2736.53,2736.53,Gain,0,2736.53
2011-05-25,2741.74,2741.74,2741.74,2741.74,Gain,0,2741.74
2011-05-24,2767.06,2767.06,2767.06,2767.06,Gain,0,2767.06
2011-05-23,2774.57,2774.57,2774.57,2774.57,Gain,0,2774.57
2011-05-20,2858.46,2858.46,2858.46,2858.46,Gain,0,2858.46
2011-05-19,2859.57,2859.57,2859.57,2859.57,Gain,0,2859.57
2011-05-18,2872.77,2872.77,2872.77,2872.77,Gain,0,2872.77
2011-05-17,2852.77,2852.77,2852.77,2852.77,Gain,0,2852.77
2011-05-16,2849.07,2849.07,2849.07,2849.07,Gain,0,2849.07
2011-05-13,2871.03,2871.03,2871.03,2871.03,Gain,0,2871.03
2011-05-12,2844.08,2844.08,2844.08,2844.08,Gain,0,2844.08
2011-05-11,2883.42,2883.42,2883.42,2883.42,Gain,0,2883.42
2011-05-10,2890.63,2890.63,2890.63,2890.63,Gain,0,2890.63
2011-05-09,2872.46,2872.46,2872.46,2872.46,Gain,0,2872.46
2011-05-06,2863.89,2863.89,2863.89,2863.89,Gain,0,2863.89
2011-05-05,2872.4,2872.4,2872.4,2872.4,Gain,0,2872.4
2011-05-04,2866.02,2866.02,2866.02,2866.02,Gain,0,2866.02
2011-05-03,2932.19,2932.19,2932.19,2932.19,Gain,0,2932.19
2011-04-29,2911.51,2911.51,2911.51,2911.51,Gain,0,2911.51
2011-04-28,2887.04,2887.04,2887.04,2887.04,Gain,0,2887.04
2011-04-27,2925.41,2925.41,2925.41,2925.41,Gain,0,2925.41
2011-04-26,2938.98,2938.98,2938.98,2938.98,Gain,0,2938.98
2011-04-25,2964.95,2964.95,2964.95,2964.95,Gain,0,2964.95
2011-04-22,3010.52,3010.52,3010.52,3010.52,Gain,0,3010.52
2011-04-21,3026.67,3026.67,3026.67,3026.67,Gain,0,3026.67
2011-04-20,3007.04,3007.04,3007.04,3007.04,Gain,0,3007.04
2011-04-19,2999.04,2999.04,2999.04,2999.04,Gain,0,2999.04
2011-04-18,3057.33,3057.33,3057.33,3057.33,Gain,0,3057.33
2011-04-15,3050.53,3050.53,3050.53,3050.53,Gain,0,3050.53
2011-04-14,3042.64,3042.64,3042.64,3042.64,Gain,0,3042.64
2011-04-13,3050.4,3050.4,3050.4,3050.4,Gain,0,3050.4
2011-04-12,3021.37,3021.37,3021.37,3021.37,Gain,0,3021.37
2011-04-11,3022.75,3022.75,3022.75,3022.75,Gain,0,3022.75
2011-04-08,3030.02,3030.02,3030.02,3030.02,Gain,0,3030.02
2011-04-07,3007.91,3007.91,3007.91,3007.91,Gain,0,3007.91
2011-04-06,3001.36,3001.36,3001.36,3001.36,Gain,0,3001.36
2011-04-01,2967.41,2967.41,2967.41,2967.41,Gain,0,2967.41
2011-03-31,2928.11,2928.11,2928.11,2928.11,Gain,0,2928.11
2011-03-30,2955.77,2955.77,2955.77,2955.77,Gain,0,2955.77
2011-03-29,2958.08,2958.08,2958.08,2958.08,Gain,0,2958.08
2011-03-28,2984.0,2984.0,2984.0,2984.0,Gain,0,2984.0
2011-03-25,2977.81,2977.81,2977.81,2977.81,Gain,0,2977.81
2011-03-24,2946.71,2946.71,2946.71,2946.71,Gain,0,2946.71
2011-03-23,2948.48,2948.48,2948.48,2948.48,Gain,0,2948.48
2011-03-22,2919.14,2919.14,2919.14,2919.14,Gain,0,2919.14
2011-03-21,2909.14,2909.14,2909.14,2909.14,Gain,0,2909.14
2011-03-18,2906.89,2906.89,2906.89,2906.89,Gain,0,2906.89
2011-03-17,2897.3,2897.3,2897.3,2897.3,Gain,0,2897.3
2011-03-16,2930.8,2930.8,2930.8,2930.8,Gain,0,2930.8
2011-03-15,2896.26,2896.26,2896.26,2896.26,Gain,0,2896.26
2011-03-14,2937.63,2937.63,2937.63,2937.63,Gain,0,2937.63
2011-03-11,2933.8,2933.8,2933.8,2933.8,Gain,0,2933.8
2011-03-10,2957.14,2957.14,2957.14,2957.14,Gain,0,2957.14
2011-03-09,3002.15,3002.15,3002.15,3002.15,Gain,0,3002.15
2011-03-08,2999.94,2999.94,2999.94,2999.94,Gain,0,2999.94
2011-03-07,2996.21,2996.21,2996.21,2996.21,Gain,0,2996.21
2011-03-04,2942.31,2942.31,2942.31,2942.31,Gain,0,2942.31
2011-03-03,2902.98,2902.98,2902.98,2902.98,Gain,0,2902.98
2011-03-02,2913.81,2913.81,2913.81,2913.81,Gain,0,2913.81
2011-03-01,2918.92,2918.92,2918.92,2918.92,Gain,0,2918.92
2011-02-28,2905.05,2905.05,2905.05,2905.05,Gain,0,2905.05
2011-02-25,2878.56,2878.56,2878.56,2878.56,Gain,0,2878.56
2011-02-24,2878.6,2878.6,2878.6,2878.6,Gain,0,2878.6
2011-02-23,2862.63,2862.63,2862.63,2862.63,Gain,0,2862.63
2011-02-22,2855.52,2855.52,2855.52,2855.52,Gain,0,2855.52
2011-02-21,2932.25,2932.25,2932.25,2932.25,Gain,0,2932.25
2011-02-18,2899.79,2899.79,2899.79,2899.79,Gain,0,2899.79
2011-02-17,2926.96,2926.96,2926.96,2926.96,Gain,0,2926.96
2011-02-16,2923.9,2923.9,2923.9,2923.9,Gain,0,2923.9
2011-02-15,2899.24,2899.24,2899.24,2899.24,Gain,0,2899.24
2011-02-14,2899.13,2899.13,2899.13,2899.13,Gain,0,2899.13
2011-02-11,2827.33,2827.33,2827.33,2827.33,Gain,0,2827.33
2011-02-10,2818.16,2818.16,2818.16,2818.16,Gain,0,2818.16
2011-02-09,2774.06,2774.06,2774.06,2774.06,Gain,0,2774.06
2011-02-08,2799.4,2799.4,2799.4,2799.4,Gain,0,2799.4
2011-02-07,2799.4,2799.4,2799.4,2799.4,Gain,0,2799.4
2011-02-04,2799.4,2799.4,2799.4,2799.4,Gain,0,2799.4
2011-02-03,2799.4,2799.4,2799.4,2799.4,Gain,0,2799.4
2011-02-02,2799.4,2799.4,2799.4,2799.4,Gain,0,2799.4
2011-02-01,2798.96,2798.96,2798.96,2798.96,Gain,0,2798.96
2011-01-31,2790.69,2790.69,2790.69,2790.69,Gain,0,2790.69
2011-01-28,2752.75,2752.75,2752.75,2752.75,Gain,0,2752.75
2011-01-27,2749.15,2749.15,2749.15,2749.15,Gain,0,2749.15
2011-01-26,2708.81,2708.81,2708.81,2708.81,Gain,0,2708.81
2011-01-25,2677.43,2677.43,2677.43,2677.43,Gain,0,2677.43
2011-01-24,2695.72,2695.72,2695.72,2695.72,Gain,0,2695.72
2011-01-21,2715.29,2715.29,2715.29,2715.29,Gain,0,2715.29
2011-01-20,2677.65,2677.65,2677.65,2677.65,Gain,0,2677.65
2011-01-19,2758.1,2758.1,2758.1,2758.1,Gain,0,2758.1
2011-01-18,2708.98,2708.98,2708.98,2708.98,Gain,0,2708.98
2011-01-17,2706.66,2706.66,2706.66,2706.66,Gain,0,2706.66
2011-01-14,2791.34,2791.34,2791.34,2791.34,Gain,0,2791.34
2011-01-13,2827.71,2827.71,2827.71,2827.71,Gain,0,2827.71
2011-01-12,2821.3,2821.3,2821.3,2821.3,Gain,0,2821.3
2011-01-11,2804.05,2804.05,2804.05,2804.05,Gain,0,2804.05
2011-01-10,2791.81,2791.81,2791.81,2791.81,Gain,0,2791.81
2011-01-07,2838.8,2838.8,2838.8,2838.8,Gain,0,2838.8
2011-01-06,2824.2,2824.2,2824.2,2824.2,Gain,0,2824.2
2011-01-05,2838.59,2838.59,2838.59,2838.59,Gain,0,2838.59
2011-01-04,2852.65,2852.65,2852.65,2852.65,Gain,0,2852.65
2011-01-03,2808.08,2808.08,2808.08,2808.08,Gain,0,2808.08
2010-12-31,2808.08,2808.08,2808.08,2808.08,Gain,0,2808.08
2010-12-30,2759.57,2759.57,2759.57,2759.57,Gain,0,2759.57
2010-12-29,2751.53,2751.53,2751.53,2751.53,Gain,0,2751.53
2010-12-28,2732.99,2732.99,2732.99,2732.99,Gain,0,2732.99
2010-12-27,2781.4,2781.4,2781.4,2781.4,Gain,0,2781.4
2010-12-24,2835.16,2835.16,2835.16,2835.16,Gain,0,2835.16
2010-12-23,2855.22,2855.22,2855.22,2855.22,Gain,0,2855.22
2010-12-22,2877.9,2877.9,2877.9,2877.9,Gain,0,2877.9
2010-12-21,2904.11,2904.11,2904.11,2904.11,Gain,0,2904.11
2010-12-20,2852.92,2852.92,2852.92,2852.92,Gain,0,2852.92
2010-12-17,2893.74,2893.74,2893.74,2893.74,Gain,0,2893.74
2010-12-16,2898.14,2898.14,2898.14,2898.14,Gain,0,2898.14
2010-12-15,2911.41,2911.41,2911.41,2911.41,Gain,0,2911.41
2010-12-14,2927.08,2927.08,2927.08,2927.08,Gain,0,2927.08
2010-12-13,2922.95,2922.95,2922.95,2922.95,Gain,0,2922.95
2010-12-10,2841.04,2841.04,2841.04,2841.04,Gain,0,2841.04
2010-12-09,2810.95,2810.95,2810.95,2810.95,Gain,0,2810.95
2010-12-08,2848.55,2848.55,2848.55,2848.55,Gain,0,2848.55
2010-12-07,2875.86,2875.86,2875.86,2875.86,Gain,0,2875.86
2010-12-06,2857.18,2857.18,2857.18,2857.18,Gain,0,2857.18
2010-12-03,2842.43,2842.43,2842.43,2842.43,Gain,0,2842.43
2010-12-02,2843.61,2843.61,2843.61,2843.61,Gain,0,2843.61
2010-12-01,2823.45,2823.45,2823.45,2823.45,Gain,0,2823.45
2010-11-30,2820.18,2820.18,2820.18,2820.18,Gain,0,2820.18
2010-11-29,2866.36,2866.36,2866.36,2866.36,Gain,0,2866.36
2010-11-26,2871.7,2871.7,2871.7,2871.7,Gain,0,2871.7
2010-11-25,2898.26,2898.26,2898.26,2898.26,Gain,0,2898.26
2010-11-24,2859.94,2859.94,2859.94,2859.94,Gain,0,2859.94
2010-11-23,2828.28,2828.28,2828.28,2828.28,Gain,0,2828.28
2010-11-22,2884.37,2884.37,2884.37,2884.37,Gain,0,2884.37
2010-11-19,2888.57,2888.57,2888.57,2888.57,Gain,0,2888.57
2010-11-18,2865.45,2865.45,2865.45,2865.45,Gain,0,2865.45
2010-11-17,2838.86,2838.86,2838.86,2838.86,Gain,0,2838.86
2010-11-16,2894.54,2894.54,2894.54,2894.54,Gain,0,2894.54
2010-11-15,3014.41,3014.41,3014.41,3014.41,Gain,0,3014.41
2010-11-12,2985.44,2985.44,2985.44,2985.44,Gain,0,2985.44
2010-11-11,3147.74,3147.74,3147.74,3147.74,Gain,0,3147.74
2010-11-10,3115.36,3115.36,3115.36,3115.36,Gain,0,3115.36
2010-11-09,3135.0,3135.0,3135.0,3135.0,Gain,0,3135.0
2010-11-08,3159.51,3159.51,3159.51,3159.51,Gain,0,3159.51
2010-11-05,3129.5,3129.5,3129.5,3129.5,Gain,0,3129.5
2010-11-04,3086.94,3086.94,3086.94,3086.94,Gain,0,3086.94
2010-11-03,3030.99,3030.99,3030.99,3030.99,Gain,0,3030.99
2010-11-02,3045.43,3045.43,3045.43,3045.43,Gain,0,3045.43
2010-11-01,3054.02,3054.02,3054.02,3054.02,Gain,0,3054.02
2010-10-29,2978.83,2978.83,2978.83,2978.83,Gain,0,2978.83
2010-10-28,2992.58,2992.58,2992.58,2992.58,Gain,0,2992.58
2010-10-27,2997.05,2997.05,2997.05,2997.05,Gain,0,2997.05
2010-10-26,3041.54,3041.54,3041.54,3041.54,Gain,0,3041.54
2010-10-25,3051.42,3051.42,3051.42,3051.42,Gain,0,3051.42
2010-10-22,2975.04,2975.04,2975.04,2975.04,Gain,0,2975.04
2010-10-21,2983.53,2983.53,2983.53,2983.53,Gain,0,2983.53
2010-10-20,3003.95,3003.95,3003.95,3003.95,Gain,0,3003.95
2010-10-19,3001.85,3001.85,3001.85,3001.85,Gain,0,3001.85
2010-10-18,2955.23,2955.23,2955.23,2955.23,Gain,0,2955.23
2010-10-15,2971.16,2971.16,2971.16,2971.16,Gain,0,2971.16
2010-10-14,2879.64,2879.64,2879.64,2879.64,Gain,0,2879.64
2010-10-13,2861.36,2861.36,2861.36,2861.36,Gain,0,2861.36
2010-10-12,2841.41,2841.41,2841.41,2841.41,Gain,0,2841.41
2010-10-11,2806.94,2806.94,2806.94,2806.94,Gain,0,2806.94
2010-10-08,2738.74,2738.74,2738.74,2738.74,Gain,0,2738.74
2010-10-07,2655.66,2655.66,2655.66,2655.66,Gain,0,2655.66
2010-10-06,2655.66,2655.66,2655.66,2655.66,Gain,0,2655.66
2010-10-04,2655.66,2655.66,2655.66,2655.66,Gain,0,2655.66
2010-10-01,2655.66,2655.66,2655.66,2655.66,Gain,0,2655.66
2010-09-30,2655.66,2655.66,2655.66,2655.66,Gain,0,2655.66
2010-09-29,2610.68,2610.68,2610.68,2610.68,Gain,0,2610.68
2010-09-28,2611.35,2611.35,2611.35,2611.35,Gain,0,2611.35
2010-09-27,2627.97,2627.97,2627.97,2627.97,Gain,0,2627.97
2010-09-24,2591.55,2591.55,2591.55,2591.55,Gain,0,2591.55
2010-09-23,2591.55,2591.55,2591.55,2591.55,Gain,0,2591.55
2010-09-22,2591.55,2591.55,2591.55,2591.55,Gain,0,2591.55
2010-09-21,2591.55,2591.55,2591.55,2591.55,Gain,0,2591.55
2010-09-20,2588.71,2588.71,2588.71,2588.71,Gain,0,2588.71
2010-09-17,2598.69,2598.69,2598.69,2598.69,Gain,0,2598.69
2010-09-16,2602.47,2602.47,2602.47,2602.47,Gain,0,2602.47
2010-09-15,2652.5,2652.5,2652.5,2652.5,Gain,0,2652.5
2010-09-14,2688.52,2688.52,2688.52,2688.52,Gain,0,2688.52
2010-09-13,2688.32,2688.32,2688.32,2688.32,Gain,0,2688.32
2010-09-10,2663.21,2663.21,2663.21,2663.21,Gain,0,2663.21
2010-09-09,2656.35,2656.35,2656.35,2656.35,Gain,0,2656.35
2010-09-08,2695.29,2695.29,2695.29,2695.29,Gain,0,2695.29
2010-09-07,2698.36,2698.36,2698.36,2698.36,Gain,0,2698.36
2010-09-06,2696.25,2696.25,2696.25,2696.25,Gain,0,2696.25
2010-09-03,2655.39,2655.39,2655.39,2655.39,Gain,0,2655.39
2010-09-02,2655.78,2655.78,2655.78,2655.78,Gain,0,2655.78
2010-09-01,2622.88,2622.88,2622.88,2622.88,Gain,0,2622.88
2010-08-31,2638.8,2638.8,2638.8,2638.8,Gain,0,2638.8
2010-08-30,2652.66,2652.66,2652.66,2652.66,Gain,0,2652.66
2010-08-27,2610.74,2610.74,2610.74,2610.74,Gain,0,2610.74
2010-08-26,2603.48,2603.48,2603.48,2603.48,Gain,0,2603.48
2010-08-25,2596.58,2596.58,2596.58,2596.58,Gain,0,2596.58
2010-08-24,2650.31,2650.31,2650.31,2650.31,Gain,0,2650.31
2010-08-23,2639.37,2639.37,2639.37,2639.37,Gain,0,2639.37
2010-08-20,2642.31,2642.31,2642.31,2642.31,Gain,0,2642.31
2010-08-19,2687.98,2687.98,2687.98,2687.98,Gain,0,2687.98
2010-08-18,2666.3,2666.3,2666.3,2666.3,Gain,0,2666.3
2010-08-17,2671.89,2671.89,2671.89,2671.89,Gain,0,2671.89
2010-08-16,2661.71,2661.71,2661.71,2661.71,Gain,0,2661.71
2010-08-13,2606.7,2606.7,2606.7,2606.7,Gain,0,2606.7
2010-08-12,2575.48,2575.48,2575.48,2575.48,Gain,0,2575.48
2010-08-11,2607.5,2607.5,2607.5,2607.5,Gain,0,2607.5
2010-08-10,2595.27,2595.27,2595.27,2595.27,Gain,0,2595.27
2010-08-09,2672.53,2672.53,2672.53,2672.53,Gain,0,2672.53
2010-08-06,2658.39,2658.39,2658.39,2658.39,Gain,0,2658.39
2010-08-05,2620.76,2620.76,2620.76,2620.76,Gain,0,2620.76
2010-08-04,2638.52,2638.52,2638.52,2638.52,Gain,0,2638.52
2010-08-03,2627.0,2627.0,2627.0,2627.0,Gain,0,2627.0
2010-08-02,2672.52,2672.52,2672.52,2672.52,Gain,0,2672.52
2010-07-30,2637.5,2637.5,2637.5,2637.5,Gain,0,2637.5
2010-07-29,2648.12,2648.12,2648.12,2648.12,Gain,0,2648.12
2010-07-28,2633.66,2633.66,2633.66,2633.66,Gain,0,2633.66
2010-07-27,2575.37,2575.37,2575.37,2575.37,Gain,0,2575.37
2010-07-26,2588.68,2588.68,2588.68,2588.68,Gain,0,2588.68
2010-07-23,2572.03,2572.03,2572.03,2572.03,Gain,0,2572.03
2010-07-22,2562.41,2562.41,2562.41,2562.41,Gain,0,2562.41
2010-07-21,2535.39,2535.39,2535.39,2535.39,Gain,0,2535.39
2010-07-20,2528.73,2528.73,2528.73,2528.73,Gain,0,2528.73
2010-07-19,2475.42,2475.42,2475.42,2475.42,Gain,0,2475.42
